id,Closeness Centrality
27493489,0.23083066803163504
551951577,0.2442903410731397
4873684235,0.0
228130177,0.1998168931228447
1894582058,0.0
1089302341,0.0
16042588,0.23083066803163504
15089078,0.19970134750230337
3620548396,0.23100347621894088
2754814433,0.0
2587163612,0.23100347621894088
44953355,0.23100347621894088
838141984053284864,0.0
37162329,0.0
2996506102,0.0
3091376321,0.24446686900470735
891193292385288193,0.0
404376053,0.1998168931228447
1204339794471538688,0.0
769507902897856512,0.0
197481317,0.23083066803163504
33284619,0.24446686900470735
24603962,0.24446686900470735
1663172653,0.19970134750230337
1280804221,0.0
287275780,0.0
1251059396991311872,0.0
419395379,0.24446686900470735
19659370,0.3682611689629252
412155441,0.24446686900470735
72474729,0.24446686900470735
15962096,0.1998168931228447
436609034,0.1938943010653588
2372636521,0.0
1853174220,0.0
631705640,0.0
889657085868298240,0.2483950755606865
5848122,0.23100347621894088
794790254,0.19970134750230337
3079899620,0.0
25268217,0.24446686900470735
2230151202,0.23100347621894088
1038481676,0.19405330414720917
3085799703,0.19970134750230337
15518172,0.23083066803163504
200630242,0.23482560989164775
27131901,0.2724298161561793
94732055,0.2483950755606865
143187995,0.0
3331252607,0.1995398929398033
825382759,0.24446686900470735
373974821,0.23083066803163504
705504146808565760,0.0
755397390,0.2492303562285181
18384521,0.24446686900470735
755733488851189760,0.23482560989164775
928760788306878464,0.2485725985705254
390380093,0.0
7368332,0.2442903410731397
561642136,0.1998168931228447
1065937815022837760,0.2442903410731397
577243493,0.19965538969435073
464907377,0.0
58558979,0.0
252988497,0.23100347621894088
1580058000,0.23100347621894088
190778398,0.2442903410731397
1640671358,0.0
14293310,0.19405330414720917
331076291,0.24905267985218288
1934999587,0.23083066803163504
427218827,0.0
2381066016,0.0
101045085,0.24905267985218288
82541893,0.0
3384319941,0.23083066803163504
126274094,0.2442903410731397
399935607,0.1998168931228447
43973475,0.24446686900470735
1190682302977859584,0.0
119711344,0.19405330414720917
12755532,0.2442903410731397
84351228,0.23482560989164775
2360762586,0.19405330414720917
404100683,0.0
841854020058677252,0.23100347621894088
20356196,0.0
889461651673690112,0.0
512785206,0.23083066803163504
1065173952664952837,0.0
763432576375779328,0.24446686900470735
3026571023,0.19405330414720917
706980266879946752,0.2492303562285181
3332231,0.24905267985218288
512594470,0.0
325755342,0.24446686900470735
1382732563,0.24446686900470735
17705769,0.23083066803163504
26240101,0.2483950755606865
2754412213,0.19965538969435073
2153743237,0.24446686900470735
2394417954,0.23083066803163504
51023058,0.20659091331320023
5943622,0.23100347621894088
14622066,0.23100347621894088
1322931373,0.0
2815077014,0.2492303562285181
3305766383,0.0
1206594224537448449,0.0
3411494596,0.24446686900470735
9320372,0.24446686900470735
64732883,0.0
1067977726118682625,0.2442903410731397
125721127,0.0
2424680826,0.2442903410731397
1991321,0.24446686900470735
994300581291282432,0.2442903410731397
1121934716,0.23631283050601049
27990587,0.24446686900470735
2872651869,0.0
55612967,0.0
2903681001,0.23100347621894088
130671142,0.2821963143675538
15333148,0.23083066803163504
68443905,0.2442903410731397
298982411,0.0
1061582051449557003,0.0
48062712,0.24446686900470735
119512412,0.2821963143675538
1425336134,0.0
2895770934,0.24446686900470735
79128388,0.0
108334890,0.23100347621894088
17600799,0.0
2176025565,0.0
911454651417088000,0.0
47325650,0.24446686900470735
1110855455696314368,0.0
142293342,0.0
30030112,0.0
1351611290,0.0
897060827316072448,0.2724298161561793
8220532,0.23648723826568133
1264438328,0.23465167455460767
57320656,0.23482560989164775
118056286,0.24446686900470735
16102444,0.0
3435577992,0.0
212276623,0.2442903410731397
1173370158,0.24446686900470735
2986305078,0.24446686900470735
2560958309,0.0
26212951,0.0
71167669,0.2442903410731397
569382995,0.1938943010653588
400804254,0.24905267985218288
50706020,0.2442903410731397
108434901,0.19405330414720917
37622738,0.2442903410731397
419071399,0.24446686900470735
4728720725,0.23100347621894088
310741473,0.23083066803163504
103810205,0.24446686900470735
2544161559,0.0
583637312,0.0
3405424143,0.0
46092394,0.0
567383651,0.2442903410731397
632815919,0.0
1228726773078208512,0.0
781676758932262912,0.23100347621894088
456853606,0.1998168931228447
879077538525396992,0.0
1255539999467958272,0.2442903410731397
1259983955408744449,0.24446686900470735
2807461219,0.23083066803163504
1432662902,0.24446686900470735
2427734180,0.0
787149253302812672,0.23100347621894088
114407120,0.23083066803163504
897568340075479040,0.19965538969435073
2922679556,0.23100347621894088
1246421,0.23083066803163504
1026754771087110144,0.23100347621894088
4863093417,0.2531964484428236
194324277,0.0
809193212,0.0
361281600,0.19970134750230337
450594910,0.19965538969435073
41259586,0.24446686900470735
2890969865,0.0
2239534928,0.2442903410731397
61111487,0.23100347621894088
186764685,0.23083066803163504
19722699,0.19405330414720917
196476038,0.1998168931228447
150622632,0.24446686900470735
78912282,0.2442903410731397
709543955126333440,0.23100347621894088
11939852,0.23083066803163504
56510427,0.19405330414720917
337797562,0.0
216016685,0.24446686900470735
201275909,0.24905267985218288
414978578,0.1998168931228447
2842688136,0.2442903410731397
747665252,0.2442903410731397
288995692,0.23100347621894088
296312612,0.253375052785999
3293206151,0.0
200163448,0.19405330414720917
243082126,0.2442903410731397
1014722412,0.0
126062970,0.0
3317549893,0.0
39697728,0.276984444535819
714783310954774529,0.0
1048018930785083392,0.1998168931228447
262191481,0.23083066803163504
896676717603028992,0.19965538969435073
714365137365426176,0.0
3272004860,0.0
2203092098,0.2442903410731397
852962413,0.0
2607616422,0.2492303562285181
52059998,0.23217722342064614
721931072,0.24446686900470735
71502653,0.0
1057715900,0.23100347621894088
55044770,0.0
2700931729,0.0
122127763,0.1998168931228447
14784786,0.0
3242397351,0.0
6355402,0.27224779920700337
8077952,0.24446686900470735
349172730,0.23100347621894088
30339571,0.2821963143675538
33864359,0.23100347621894088
373580725,0.0
114773847,0.23100347621894088
810893744593584128,0.2531964484428236
73926321,0.19965538969435073
250055606,0.0
61302699,0.27224779920700337
21324520,0.0
1652541,0.19405330414720917
1140577345973170177,0.0
40090727,0.23100347621894088
3270447613,0.0
14657345,0.2442903410731397
80269062,0.0
27375578,0.0
173431194,0.2442903410731397
91367103,0.2492303562285181
2606773789,0.23083066803163504
14978945,0.2442903410731397
46496916,0.24446686900470735
856684314,0.0
308456550,0.1938943010653588
16976682,0.23100347621894088
10313732,0.24446686900470735
972987874613366784,0.0
2274780686,0.0
25134469,0.2821963143675538
3239238377,0.0
2613410444,0.0
2209063952,0.0
14553715,0.24446686900470735
26092949,0.0
16079826,0.0
102609059,0.0
14998112,0.23100347621894088
1494913634,0.0
68351679,0.0
8719472,0.23100347621894088
12035282,0.23100347621894088
1301154075434606598,0.0
29735775,0.24446686900470735
2303160649,0.24446686900470735
891731882,0.24446686900470735
59263220,0.28237955596673475
90626911,0.2442903410731397
546315483,0.1998168931228447
167169119,0.2724298161561793
22514268,0.24446686900470735
127894322,0.2821963143675538
305474242,0.2821963143675538
33861957,0.24446686900470735
2278288488,0.0
3275322876,0.24446686900470735
390324658,0.0
338526004,0.0
5763912,0.23083066803163504
600067712,0.23083066803163504
33970089,0.27224779920700337
39321347,0.2724298161561793
1303427371,0.23083066803163504
372830899,0.24446686900470735
1168926603855958017,0.0
153004670,0.23100347621894088
1214864022572425217,0.2442903410731397
563947963,0.0
114045446,0.24446686900470735
3237012607,0.0
25624456,0.2442903410731397
7990062,0.0
344956335,0.24446686900470735
4531194259,0.0
485447824,0.0
2232721860,0.23100347621894088
489677804,0.23100347621894088
809848752,0.0
12414242,0.0
266717381,0.23100347621894088
109640788,0.23100347621894088
91440853,0.27735563784128114
1367458171,0.1938943010653588
515192228,0.0
45412709,0.2442903410731397
391247062,0.2442903410731397
1685766865,0.2442903410731397
2312790332,0.23100347621894088
121709074,0.24905267985218288
2874803443,0.0
22597445,0.2531964484428236
56318966,0.24446686900470735
955599008,0.24446686900470735
43526978,0.0
45321027,0.23100347621894088
972651,0.19405330414720917
3439304543,0.0
2215006026,0.0
2813275219,0.0
700999301514686464,0.0
188756842,0.0
1562518867,0.23100347621894088
605012771,0.24446686900470735
110509537,0.1998168931228447
2810375782,0.23100347621894088
136142062,0.0
58324434,0.1998168931228447
917284226269052928,0.0
2960317030,0.0
1238826270,0.0
4833032980,0.2531964484428236
597499972,0.24446686900470735
388752038,0.23100347621894088
60959947,0.2442903410731397
2444229696,0.23100347621894088
3361359683,0.23083066803163504
23055193,0.2442903410731397
918158086858211329,0.0
4897300665,0.0
22752868,0.0
155505157,0.23100347621894088
81381560,0.24446686900470735
1014199723031449600,0.23100347621894088
1168,0.23100347621894088
402143587,0.24446686900470735
19411223,0.19405330414720917
408717162,0.0
299659731,0.19965538969435073
245907225,0.2442903410731397
1930184042,0.0
598232506,0.23100347621894088
204297410,0.2724298161561793
942684527754989568,0.0
780874432927719424,0.19965538969435073
514667085,0.1938943010653588
1054280867512705025,0.2442903410731397
36049907,0.0
27171750,0.0
4874161629,0.2442903410731397
635986661,0.24446686900470735
299807081,0.2442903410731397
553436328,0.2443480247428146
163363440,0.0
273921060,0.23083066803163504
1155634482629791746,0.0
194399316,0.23100347621894088
92593701,0.0
266028681,0.24446686900470735
301037777,0.0
72102865,0.0
1244079788,0.23100347621894088
534255106,0.23100347621894088
1350732349,0.19405330414720917
55858928,0.19970134750230337
2318099514,0.1995398929398033
943676329,0.0
394665897,0.19965538969435073
20581429,0.19405330414720917
110420616,0.23100347621894088
224209816,0.2442903410731397
117652722,0.1998168931228447
151208743,0.0
259906731,0.23100347621894088
377983647,0.0
313140358,0.23100347621894088
313444531,0.24446686900470735
19486877,0.23100347621894088
11164692,0.19970134750230337
9507112,0.1998168931228447
14511951,0.19405330414720917
327122348,0.2724298161561793
2540678306,0.2724298161561793
46131106,0.2531964484428236
405384428,0.19970134750230337
22843337,0.19405330414720917
42909798,0.1998168931228447
431210487,0.1939669887133683
53654934,0.1995398929398033
93494670,0.2492303562285181
2591662868,0.19970134750230337
20887537,0.1998168931228447
1148895885729947648,0.0
3120886937,0.0
146195370,0.27224779920700337
14707794,0.23100347621894088
19204539,0.2442903410731397
299394773,0.23100347621894088
1227698863,0.23100347621894088
1622761998,0.0
561277962,0.0
84560252,0.2442903410731397
162124540,0.24446686900470735
774076183461892096,0.0
1166221754,0.0
14049302,0.23083066803163504
89774258,0.2775383313265336
75525450,0.2442903410731397
2998896042,0.2492303562285181
257691637,0.0
95630269,0.0
569790116,0.19970134750230337
134072288,0.23100347621894088
243479125,0.2724298161561793
606214834,0.0
16674284,0.23083066803163504
393652166,0.2492303562285181
2816046521,0.19970134750230337
108989193,0.0
65184105,0.1998168931228447
48448084,0.0
19058451,0.0
11069462,0.0
3035143127,0.1995398929398033
1251034648492138498,0.0
37069005,0.0
1060157776477982721,0.24446686900470735
2752564758,0.0
22132438,0.0
608052226,0.2483950755606865
341258707,0.1998168931228447
1072910977,0.2442903410731397
1605951265,0.0
553729228,0.23100347621894088
1290762290224984064,0.24446686900470735
2383802810,0.24446686900470735
417189950,0.19965538969435073
115494880,0.23100347621894088
415798356,0.0
1527461,0.1995398929398033
1043021486,0.19965538969435073
1556357336,0.20659091331320023
398092540,0.23100347621894088
112829445,0.19970134750230337
1246201593755660288,0.23100347621894088
7905122,0.23100347621894088
596203049,0.24446686900470735
202740551,0.0
396680992,0.2442903410731397
296459271,0.19405330414720917
934851466082357249,0.2483950755606865
23818581,0.19405330414720917
954235769618538496,0.0
65423884,0.0
932582571338321920,0.23083066803163504
2713275441,0.24446686900470735
2900424513,0.0
301709965,0.2442903410731397
1023096199,0.1998168931228447
47725447,0.23100347621894088
14494523,0.0
101764664,0.0
828625466,0.2442903410731397
743908703863083008,0.0
7466492,0.24446686900470735
1055893919597133824,0.2724298161561793
821666958680719361,0.2442903410731397
92071137,0.27735563784128114
49556240,0.0
13056322,0.21656575895525706
1434631356,0.2492303562285181
61187211,0.0
82337208,0.23083066803163504
103835763,0.0
14874480,0.19970134750230337
3946229836,0.1995783770078727
17053944,0.24446686900470735
839149376643686401,0.2442903410731397
3036907250,0.28242737030180676
26711278,0.24905267985218288
289284899,0.0
419946721,0.0
1174325520294715392,0.0
777648349,0.0
3621255616,0.0
2842839092,0.23100347621894088
6844292,0.24446686900470735
822143767,0.0
70819203,0.24446686900470735
8746072,0.23100347621894088
278482863,0.24446686900470735
91697719,0.1995398929398033
2320791044,0.23100347621894088
99473901,0.24446686900470735
23761309,0.2442903410731397
885944485615738881,0.0
9541832,0.23100347621894088
192931240,0.1998168931228447
305236970,0.23100347621894088
838131126002728960,0.0
774324193928351744,0.0
474233138,0.1998168931228447
16273541,0.19970134750230337
789107706397196288,0.0
34698700,0.0
185263153,0.2442903410731397
1123336792021897216,0.24446686900470735
616219267,0.23083066803163504
15521075,0.19405330414720917
998279534947586048,0.0
828489290,0.0
831922344,0.1995398929398033
57246759,0.23100347621894088
134765219,0.19970134750230337
18238570,0.0
1734817550,0.0
124319949,0.2442903410731397
2544647385,0.19965538969435073
9316452,0.24446686900470735
1081076050061213697,0.2442903410731397
15056816,0.23100347621894088
327301533,0.0
13284672,0.23083066803163504
55517828,0.2492303562285181
2386023224,0.0
11649702,0.0
388212968,0.1998168931228447
570072860,0.19405330414720917
854581958,0.23482560989164775
720389270335135745,0.2771670922530631
101818541,0.0
2989739661,0.0
925565433679298560,0.2442903410731397
142837256,0.1998168931228447
1468634743,0.2442903410731397
253973566,0.0
871920132641173504,0.0
468825579,0.2443480247428146
14208224,0.23083066803163504
58880930,0.27224779920700337
192854350,0.19405330414720917
191728278,0.0
435462176,0.24446686900470735
2166992210,0.24446686900470735
317727341,0.24446686900470735
1855871,0.27224779920700337
14294701,0.0
605027292,0.23083066803163504
1095972841,0.1998168931228447
3988215194,0.0
1620225060,0.19965538969435073
354801923,0.0
950072183031771136,0.0
44217911,0.24446686900470735
1002193231,0.0
1379105228,0.2442903410731397
224379103,0.23100347621894088
16387111,0.2442903410731397
370597692,0.0
951844723,0.0
984135577208373249,0.24446686900470735
3482836634,0.24446686900470735
461578921,0.1998168931228447
49976458,0.23100347621894088
19811190,0.23100347621894088
2572511777,0.0
4053818032,0.1938943010653588
802182440,0.2442903410731397
262236415,0.2535065861797697
452909538,0.19970134750230337
15468474,0.19970134750230337
948483885209477121,0.0
39618125,0.0
1297170244658552838,0.0
2685989162,0.0
32246103,0.0
147299961,0.0
195525587,0.2442903410731397
3761306416,0.2163977174374362
40389352,0.24905267985218288
1168865024674357248,0.2442903410731397
2859068332,0.23100347621894088
1557796237,0.0
8762122,0.19965538969435073
293483941,0.22828455433174935
20640711,0.2442903410731397
1553685114,0.0
1189744336415723520,0.253375052785999
1267637312,0.0
2455929786,0.23100347621894088
312131328,0.0
40903402,0.0
41974909,0.2442903410731397
1728795440,0.23100347621894088
29866761,0.19405330414720917
20621579,0.24446686900470735
14162048,0.19970134750230337
43652382,0.24446686900470735
3051698888,0.0
2236856634,0.23100347621894088
257618993,0.2724298161561793
1972411447,0.0
827392886,0.0
20225119,0.0
6015842,0.0
470416893,0.0
735447938214678529,0.24446686900470735
1171878193114025987,0.0
4025609913,0.0
93781753,0.2531964484428236
838601156737654784,0.24446686900470735
44106240,0.24446686900470735
157238371,0.0
164233384,0.23100347621894088
19380829,0.19970134750230337
150346051,0.19965538969435073
16044272,0.23100347621894088
555461978,0.19965538969435073
45794386,0.2442903410731397
3892710581,0.2442903410731397
29716049,0.1998168931228447
116897811,0.2443480247428146
814980524200566784,0.2442903410731397
2178067878,0.23631283050601049
735809541456027648,0.1938943010653588
1014974716359081988,0.0
12160482,0.0
2249121151,0.23083066803163504
175529610,0.1998168931228447
36347948,0.0
427431943,0.24905267985218288
2522143308,0.0
409890910,0.24446686900470735
220378862,0.0
483172916,0.1998168931228447
14947339,0.0
1002096110,0.23083066803163504
237670274,0.19405330414720917
112882940,0.23100347621894088
2190723061,0.0
265509561,0.19970134750230337
338989477,0.2531964484428236
4042462396,0.23083066803163504
3916694415,0.24905267985218288
1251108504653361152,0.0
1909219404,0.24446686900470735
104633187,0.0
312121622,0.24446686900470735
1183933523129970689,0.2442903410731397
175011974,0.1995398929398033
1080724857552199682,0.0
2166763549,0.0
18417153,0.2821963143675538
343998886,0.19965538969435073
429259920,0.2442903410731397
136756365,0.24446686900470735
2607919231,0.0
409166947,0.0
1401748656,0.19965538969435073
824668943285702661,0.0
153506820,0.0
114146587,0.1995398929398033
803909558431313920,0.0
146116918,0.0
240867778,0.24446686900470735
3235806942,0.24446686900470735
241167877,0.2442903410731397
2252260178,0.0
2645602164,0.21656575895525706
1189525564715089920,0.23083066803163504
99023044,0.24446686900470735
1120424520773505028,0.0
47978543,0.2442903410731397
31311757,0.19405330414720917
18855622,0.2442903410731397
884047713372975104,0.0
4196200462,0.0
762501458,0.23100347621894088
476514758,0.19965538969435073
50956443,0.1998168931228447
722155990662123520,0.23100347621894088
1076178992036790272,0.23100347621894088
57047586,0.19405330414720917
2209003450,0.0
234070123,0.19965538969435073
1690763647,0.0
870362407,0.21656575895525706
911297187664949248,0.24446686900470735
312783905,0.0
38140504,0.24446686900470735
123093566,0.23100347621894088
73909361,0.1998168931228447
2568478126,0.0
122424832,0.0
3150832239,0.23100347621894088
2608840453,0.2442903410731397
15166546,0.24446686900470735
4831430475,0.0
33677856,0.0
2785709353,0.19965538969435073
430570985,0.2442903410731397
890413838578966528,0.0
717756832240902144,0.0
1156797119149121541,0.1938943010653588
330917707,0.0
1038834447540531202,0.24446686900470735
3367685915,0.23083066803163504
2812873512,0.23100347621894088
333597222,0.2821963143675538
4829277184,0.0
16946380,0.24446686900470735
8260242,0.0
2188930908,0.24446686900470735
271370579,0.2442903410731397
115763683,0.28237955596673475
330151669,0.23100347621894088
50257296,0.2442903410731397
229601276,0.2531964484428236
720750427147341824,0.0
414130557,0.0
3035211041,0.0
800707492346925056,0.23100347621894088
400831970,0.0
423567471,0.0
38190507,0.1998168931228447
72781449,0.24446686900470735
740216334,0.23100347621894088
7170002,0.0
126718539,0.2442903410731397
20167623,0.24446686900470735
822183485523841025,0.1938943010653588
220139885,0.2492303562285181
822405576504344576,0.0
2343425496,0.0
1077863989202247681,0.0
980046830,0.2442903410731397
364593753,0.24446686900470735
823957466,0.24446686900470735
964589615230337024,0.24446686900470735
1578022897,0.19965538969435073
466894113,0.1995398929398033
36588310,0.23100347621894088
14065835,0.2724298161561793
849902720827875330,0.2442903410731397
591797093,0.24446686900470735
976373610,0.24446686900470735
4202417063,0.0
381187236,0.19405330414720917
64245814,0.23083066803163504
207450631,0.19405330414720917
751506263792582656,0.2492303562285181
813286,0.234704895619374
69870134,0.23482560989164775
109399833,0.0
16948477,0.24446686900470735
377571301,0.19965538969435073
3165380261,0.0
950377242483343360,0.0
1074540169,0.23083066803163504
2186834214,0.0
713164296604090368,0.2442903410731397
37139722,0.0
197623145,0.0
706431707885477888,0.0
2641476606,0.23100347621894088
206743057,0.2724298161561793
2986013849,0.2442903410731397
181720081,0.2442903410731397
228313429,0.23100347621894088
61449317,0.24446686900470735
14183423,0.0
3442793834,0.23100347621894088
579842788,0.1998168931228447
2918846960,0.23100347621894088
406260699,0.0
190821474,0.2442903410731397
51215183,0.2442903410731397
2758095800,0.0
1708743114,0.0
14199378,0.19405330414720917
2147987488,0.19965538969435073
311404595,0.0
216744325,0.1998168931228447
114870386,0.19405330414720917
302013973,0.23100347621894088
4652730673,0.2442903410731397
18932422,0.29456700392422996
740410382,0.0
272065025,0.24446686900470735
1354848524,0.23083066803163504
39112661,0.0
230815459,0.19405330414720917
342137485,0.0
96127287,0.19965538969435073
877108837475655680,0.0
207534677,0.23083066803163504
13360372,0.0
1598324696,0.27224779920700337
63801028,0.19970134750230337
182486010,0.1998168931228447
765548,0.2724298161561793
158297618,0.0
311340284,0.23100347621894088
850107536,0.19970134750230337
3033312071,0.0
539296619,0.23100347621894088
622716896,0.0
63935826,0.0
1107254048896548864,0.0
2867784412,0.2442903410731397
78577226,0.1998168931228447
500950174,0.1995398929398033
111046352,0.19970134750230337
153764165,0.1995398929398033
17743823,0.24905267985218288
398500188,0.23100347621894088
15421904,0.19970134750230337
38048603,0.0
156322219,0.0
586366163,0.19965538969435073
2924669003,0.23100347621894088
616572834,0.19965538969435073
2847332414,0.0
17554109,0.1995398929398033
14166306,0.23100347621894088
174991185,0.19965538969435073
2221607978,0.23100347621894088
1033944831918104576,0.0
2814432614,0.23100347621894088
71306406,0.24446686900470735
1609328383,0.0
220145170,0.24446686900470735
2579832252,0.0
2336440088,0.2483950755606865
3025618094,0.0
977250301,0.0
36659063,0.2442903410731397
19677123,0.23100347621894088
54580934,0.2442903410731397
1193486898,0.1998168931228447
62952214,0.0
939946139029090304,0.23100347621894088
269930404,0.0
361719507,0.0
1205609058,0.23100347621894088
449616976,0.0
138840988,0.2724298161561793
95745203,0.0
2213823000,0.0
452570555,0.1998168931228447
923649456981135367,0.24905267985218288
533315563,0.1998168931228447
337745478,0.0
1099250750155354114,0.0
224466293,0.1998168931228447
45123871,0.2442903410731397
3943475233,0.0
22960511,0.19970134750230337
16514335,0.2442903410731397
50374439,0.23100347621894088
3248357604,0.24446686900470735
840618056678293504,0.23100347621894088
903217429555359744,0.0
176870844,0.0
1064203950717583360,0.0
406869976,0.1998168931228447
2924886188,0.1995398929398033
702309206,0.2442903410731397
17018894,0.2442903410731397
2615258306,0.2442903410731397
857570979022876672,0.19965538969435073
117712651,0.23083066803163504
24897144,0.2442903410731397
1081241209622822913,0.2442903410731397
2239194271,0.24446686900470735
891186338,0.0
47456957,0.2442903410731397
2908007650,0.23083066803163504
86754006,0.2442903410731397
1107588341124337666,0.0
1145584490594443264,0.23083066803163504
5894962,0.0
91168371,0.27735563784128114
27007409,0.0
12044602,0.23100347621894088
112099606,0.0
271310204,0.1998168931228447
1232460508160094209,0.0
2309104237,0.0
40576466,0.2821963143675538
115180931,0.1998168931228447
5869132,0.0
43641631,0.0
285332715,0.0
20499721,0.2775383313265336
567360618,0.19970134750230337
33838201,0.28237955596673475
2155233830,0.24905267985218288
940445534556364800,0.2724298161561793
11669522,0.24446686900470735
28316908,0.0
20304025,0.23083066803163504
3037264899,0.0
221620566,0.23100347621894088
3081160595,0.0
2183611873,0.24446686900470735
195719387,0.0
17707080,0.2775383313265336
984208484328763395,0.2442903410731397
307912317,0.23100347621894088
326912209,0.19970134750230337
18464317,0.24446686900470735
14048484,0.27224779920700337
2348513340,0.19970134750230337
506166021,0.1998168931228447
15336340,0.23100347621894088
127489643,0.1995398929398033
880523990883848192,0.2442903410731397
41216797,0.23100347621894088
1187585868493537280,0.2483950755606865
93655722,0.2724298161561793
1187226845155999749,0.0
16318928,0.23100347621894088
15657398,0.0
2893424886,0.0
359622624,0.23100347621894088
626282563,0.2442903410731397
1053724531,0.19405330414720917
984275749824638976,0.24446686900470735
2273201773,0.28237955596673475
2877993331,0.23083066803163504
44871098,0.0
2245759994,0.24446686900470735
3145021135,0.0
2226776658,0.24905267985218288
39048846,0.1995398929398033
313207740,0.2442903410731397
2189994866,0.0
82573938,0.24446686900470735
1256240551118200835,0.2442903410731397
1023655925742268426,0.0
3292784453,0.0
2214711331,0.0
17955611,0.0
1376401838,0.23100347621894088
37105355,0.0
953752657,0.24446686900470735
3865043177,0.2442903410731397
2512218333,0.0
151490538,0.0
14341416,0.23100347621894088
25213966,0.23100347621894088
617400195,0.0
2851178794,0.24446686900470735
2341772972,0.24446686900470735
16362818,0.1998168931228447
49043059,0.0
16611773,0.0
826837132325027841,0.0
4485809179,0.0
43961874,0.0
14254846,0.23083066803163504
14359747,0.0
22289618,0.0
17922590,0.1998168931228447
487736815,0.19405330414720917
3257676018,0.0
758771866500816896,0.2442903410731397
434835815,0.0
787735106546827265,0.0
966024156574662656,0.0
3243155048,0.0
887159288,0.24905267985218288
1211825303388995584,0.0
242868086,0.27735563784128114
140956562,0.23100347621894088
780788089966829568,0.0
11235202,0.0
3236533841,0.19970134750230337
2577967370,0.23083066803163504
33505544,0.0
832361946154401792,0.0
50095170,0.23100347621894088
66369383,0.1995398929398033
709476815090413568,0.0
63735508,0.23100347621894088
32193354,0.24905267985218288
434236851,0.23083066803163504
279084731,0.24446686900470735
3201975988,0.0
775449094739197953,0.23100347621894088
36927290,0.0
29639366,0.0
103546343,0.27224779920700337
103989154,0.2724298161561793
270044784,0.1938943010653588
561218882,0.19970134750230337
29959702,0.24446686900470735
251614179,0.1995398929398033
2969887354,0.0
909404434723213312,0.24446686900470735
4928034543,0.0
2097571,0.19405330414720917
869188290183917568,0.0
70478255,0.2724298161561793
1116622891,0.0
1883425892,0.23100347621894088
361288906,0.0
940901351759994880,0.2442903410731397
1284129738,0.0
439572655,0.23083066803163504
17118060,0.24446686900470735
111801456,0.23083066803163504
263044687,0.23100347621894088
2636910597,0.0
833967951447486465,0.24446686900470735
896036165350019073,0.0
3279064394,0.0
2438493248,0.1995783770078727
5108051,0.24446686900470735
934087003,0.2442903410731397
4484681,0.23100347621894088
862356144748204032,0.253375052785999
41828876,0.24446686900470735
1527607790,0.2163977174374362
68784803,0.23100347621894088
4228354103,0.2442903410731397
113339417,0.0
1197369638,0.23100347621894088
346400805,0.24446686900470735
623111545,0.1998168931228447
249255635,0.23083066803163504
15750573,0.2948187705942507
824886467721703425,0.0
24932781,0.0
748176824,0.0
281950081,0.23100347621894088
829881163472916481,0.24446686900470735
540259669,0.1998168931228447
284099686,0.2442903410731397
392248167,0.0
562439654,0.19405330414720917
197608061,0.0
3077144869,0.24446686900470735
1114432920121376768,0.0
7170942,0.24446686900470735
12353582,0.19405330414720917
248916795,0.1998168931228447
135801478,0.2442903410731397
159240329,0.0
213248607,0.2442903410731397
1708488139,0.2442903410731397
16423883,0.2442903410731397
1728885823,0.0
21192987,0.27224779920700337
95196023,0.24021576416460694
2859456143,0.24446686900470735
915167646240325632,0.0
50393960,0.23482560989164775
1365711606,0.23083066803163504
944810996,0.23100347621894088
1168762828607508480,0.0
295344317,0.24446686900470735
938473643373481985,0.23083066803163504
31422403,0.1998168931228447
2301908191,0.0
250059685,0.2442903410731397
755953153,0.19405330414720917
360783415,0.0
12243,0.0
2280952807,0.24446686900470735
53340169,0.0
3314775459,0.23100347621894088
572279177,0.23100347621894088
188233241,0.1998168931228447
17730501,0.2442903410731397
858519894,0.0
279903146,0.0
140093780,0.24905267985218288
848687484,0.0
6979832,0.0
17455229,0.23100347621894088
16689804,0.19970134750230337
1296322367053082624,0.0
1090911182591086592,0.2442903410731397
174959656,0.23083066803163504
1344951,0.23482560989164775
1253984770083692544,0.2442903410731397
3697013177,0.19405330414720917
27897414,0.0
308843719,0.0
271243941,0.28237955596673475
203866616,0.19965538969435073
3107101390,0.28237955596673475
1094001009188397057,0.0
288823245,0.0
211457876,0.2442903410731397
136088911,0.0
456673160,0.1998168931228447
16925097,0.0
107751300,0.0
354847710,0.22845658011950384
59217922,0.276984444535819
21457289,0.253375052785999
1124623431377543169,0.0
62513246,0.19405330414720917
1306824555420213249,0.2442903410731397
82364810,0.0
257544772,0.24446686900470735
36094947,0.1998168931228447
317169230,0.24446686900470735
3415864408,0.253375052785999
13568892,0.24905267985218288
82774113,0.24905267985218288
403274895,0.23465167455460767
104211492,0.24446686900470735
132646210,0.40375102800851337
577430083,0.1998168931228447
308799838,0.0
131111665,0.0
829115622,0.2442903410731397
35749835,0.0
104435358,0.2442903410731397
200466843,0.2442903410731397
18318677,0.24446686900470735
17076764,0.1995398929398033
529771925,0.23083066803163504
824249522389970944,0.0
11010332,0.23100347621894088
108441778,0.0
494181406,0.0
469115517,0.0
900040284616114176,0.24446686900470735
16136933,0.27224779920700337
1934192923,0.19965538969435073
3353136183,0.0
1725341478,0.1998168931228447
343928585,0.23083066803163504
47602120,0.2492303562285181
773146218,0.19970134750230337
321908821,0.23100347621894088
5921452,0.23100347621894088
225110274,0.23100347621894088
69218199,0.0
12151932,0.23083066803163504
1035807940719112192,0.0
460544873,0.19970134750230337
709402060547092481,0.0
384127183,0.27735563784128114
3225904081,0.2442903410731397
422016668,0.2442903410731397
744114034660773888,0.0
2317814702,0.23083066803163504
115512512,0.1998168931228447
1141316975324536832,0.0
19203768,0.23100347621894088
4898086443,0.0
804683646,0.24446686900470735
705427898749079552,0.1998168931228447
103761767,0.2442903410731397
1252063705,0.23100347621894088
245345590,0.2442903410731397
728354894,0.0
848799224854609920,0.24446686900470735
544360896,0.19965538969435073
7415172,0.0
930340722,0.19970134750230337
16279554,0.0
24989839,0.24446686900470735
17305888,0.24446686900470735
918798040282091520,0.0
184817606,0.0
2903217440,0.0
3577056016,0.0
105925630,0.24446686900470735
22072608,0.19970134750230337
3075691,0.23083066803163504
2659265263,0.19405330414720917
66815732,0.1998168931228447
204387286,0.1998168931228447
41572443,0.23100347621894088
147949965,0.24905267985218288
21308312,0.2492303562285181
22826489,0.23083066803163504
91333167,0.19970134750230337
17268402,0.2442903410731397
121881387,0.23100347621894088
34642043,0.2442903410731397
128213903,0.1998168931228447
146159328,0.1995398929398033
8034682,0.23100347621894088
533584357,0.2442903410731397
17580853,0.27224779920700337
2910644884,0.23465167455460767
174083824,0.24446686900470735
784083274805248000,0.24446686900470735
54163837,0.24446686900470735
393956778,0.2492303562285181
52206988,0.23100347621894088
101013918,0.0
234017215,0.2442903410731397
43926213,0.0
785618379201654784,0.24446686900470735
87985586,0.2442903410731397
114782375,0.0
281079339,0.2442903410731397
179571184,0.0
68084193,0.2442903410731397
83566575,0.0
2797567802,0.24446686900470735
20605844,0.0
14667411,0.24446686900470735
9430302,0.2492303562285181
3226059106,0.19965538969435073
514189512,0.0
184125091,0.0
59414975,0.1998168931228447
867297019160707072,0.23100347621894088
3038714572,0.0
274134534,0.0
856955544845811712,0.0
628623778,0.0
3549187454,0.24446686900470735
1167604898,0.24446686900470735
2310416978,0.0
28776166,0.1995783770078727
359831209,0.23100347621894088
253046215,0.1998168931228447
822659,0.24446686900470735
806101991109890048,0.0
722242009,0.23100347621894088
2461022395,0.0
73705954,0.0
385339360,0.1998168931228447
14103970,0.0
1376639125,0.0
386908329,0.0
1617314359,0.24446686900470735
22585506,0.2442903410731397
467551928,0.2724298161561793
312809493,0.0
33168385,0.0
16319797,0.24446686900470735
1231314888,0.0
487786548,0.0
831114368435748864,0.19405330414720917
158789494,0.24446686900470735
998681467696885761,0.2442903410731397
46342393,0.23100347621894088
989428140433866752,0.24446686900470735
231722071,0.0
181348220,0.0
88727377,0.2775383313265336
925220088,0.0
579133028,0.0
619585396,0.24446686900470735
843009630812995584,0.0
1052291485901697024,0.2442903410731397
90109488,0.2442903410731397
1228678952,0.0
760799156256382976,0.0
1040575154424893441,0.0
1077734311799984128,0.0
2460368252,0.23482560989164775
45389867,0.19970134750230337
784824594,0.2442903410731397
17773969,0.27735563784128114
65468350,0.0
1636590253,0.19405330414720917
2462926410,0.2442903410731397
2735046987,0.0
1409748306,0.0
1070352023449669632,0.0
68701660,0.2442903410731397
828683626372009985,0.0
139377848,0.2442903410731397
1412036527,0.24446686900470735
2527017636,0.0
989251872107085824,0.23100347621894088
4893681,0.2442903410731397
1149491203,0.2492303562285181
756380725859975168,0.0
72386774,0.24446686900470735
24888653,0.0
832267168276475904,0.2442903410731397
41098784,0.19970134750230337
25860326,0.0
874632132353826816,0.2442903410731397
3095317209,0.1995398929398033
60832858,0.2442903410731397
874530424575336449,0.0
301939006,0.23083066803163504
2587811778,0.0
122408887,0.0
3319270312,0.0
420316063,0.0
13920962,0.23100347621894088
119459238,0.0
945020688,0.19965538969435073
33105342,0.0
1579422614,0.19405330414720917
56741675,0.24446686900470735
887535601,0.24446686900470735
544875915,0.0
39721490,0.0
719967950527205376,0.0
72018889,0.1998168931228447
778856886,0.2648615010969593
1264027207447371776,0.24446686900470735
783214,0.2485725985705254
3099020035,0.1995783770078727
1016764586228412421,0.0
84854764,0.0
123846556,0.2492303562285181
21573326,0.24446686900470735
984769730983682048,0.19970134750230337
636089336,0.0
1121364987178618880,0.2483950755606865
887207711590559745,0.24446686900470735
53645823,0.2442903410731397
117539435,0.23100347621894088
12031032,0.24446686900470735
58160853,0.19405330414720917
231845623,0.0
47567281,0.0
80446199,0.24446686900470735
717768811005526016,0.19405330414720917
1019673422,0.0
801059640951836672,0.2442903410731397
539946626,0.24446686900470735
376725527,0.2442903410731397
201854523,0.0
849729477533892612,0.0
4793796869,0.2442903410731397
707112185076391936,0.0
97880420,0.24905267985218288
748525684578914304,0.0
294119630,0.19965538969435073
115718271,0.0
3243283713,0.23100347621894088
773280684173463552,0.23100347621894088
93618186,0.1998168931228447
1190461842922995712,0.23100347621894088
2869101210,0.2724298161561793
21003382,0.2492303562285181
2575124365,0.24446686900470735
85648537,0.21656575895525706
595544862,0.23083066803163504
482995387,0.19965538969435073
307755344,0.23100347621894088
441676899,0.0
277516046,0.2724298161561793
15675384,0.0
3892691301,0.0
781332157,0.23482560989164775
178976408,0.24446686900470735
350152586,0.0
11892372,0.2821963143675538
36417099,0.27735563784128114
316386106,0.1998168931228447
1004448369140551682,0.23083066803163504
15739506,0.23083066803163504
808593541840719872,0.0
84508784,0.2442903410731397
24160034,0.1998168931228447
34743251,0.19970134750230337
85700509,0.0
2208838112,0.1938943010653588
125483940,0.2531964484428236
911514942335012864,0.0
54541583,0.0
106418930,0.24446686900470735
1140163756267192321,0.0
1019221160742014976,0.27224779920700337
65587580,0.0
27366114,0.0
117483950,0.23465167455460767
361115646,0.2442903410731397
4694535756,0.0
199175962,0.0
469405173,0.23100347621894088
702932794947694592,0.23100347621894088
144779689,0.1995398929398033
75071601,0.0
98966111,0.24446686900470735
1108108225,0.0
15637569,0.0
1184821524534059008,0.2724298161561793
8943,0.1998168931228447
19073790,0.23100347621894088
920563781616496641,0.0
193640022,0.0
752743856941125632,0.1998168931228447
469119337,0.1995398929398033
2523642978,0.23100347621894088
1497795582,0.0
28401365,0.23100347621894088
46668733,0.24446686900470735
6778812,0.2483950755606865
580335026,0.0
214272214,0.2442903410731397
477554560,0.19405330414720917
121492869,0.0
15090415,0.23083066803163504
84060395,0.2442903410731397
10695152,0.2492303562285181
158342368,0.24446686900470735
483150865,0.24446686900470735
2891809527,0.0
485140375,0.1998168931228447
877886035,0.24446686900470735
16632955,0.24446686900470735
716947512154853376,0.0
130256377,0.0
427330274,0.0
18728897,0.23083066803163504
1011316249274540033,0.24446686900470735
4794104842,0.23100347621894088
2604894992,0.2442903410731397
406303880,0.1938943010653588
271909348,0.24446686900470735
85813091,0.0
606667727,0.23083066803163504
982276165992935426,0.0
709828900,0.23100347621894088
257111136,0.2442903410731397
181954043,0.1995783770078727
789736108896751616,0.0
16249403,0.0
1028693496,0.24905267985218288
1304717864,0.19970134750230337
115091858,0.27735563784128114
688583,0.19405330414720917
117662694,0.19405330414720917
48008938,0.2771670922530631
11990112,0.2724298161561793
11348282,0.19405330414720917
132539757,0.1998168931228447
26976778,0.23100347621894088
1408239470,0.23100347621894088
507185539,0.24446686900470735
882605036,0.0
47319664,0.23100347621894088
1237393394,0.2492303562285181
304540433,0.19965538969435073
2450416195,0.23083066803163504
334678478,0.1998168931228447
1102341617371963392,0.0
380426226,0.24446686900470735
2253247064,0.0
1037548569467731968,0.24446686900470735
569203915,0.0
290705256,0.0
928151539893420032,0.0
23999540,0.0
1131186925212241920,0.19405330414720917
3841067114,0.23100347621894088
237738266,0.1995398929398033
217377296,0.27735563784128114
720605133483208705,0.19405330414720917
618551148,0.0
48839631,0.19970134750230337
48354997,0.0
43839644,0.0
84404991,0.24446686900470735
77200220,0.23083066803163504
391015835,0.1998168931228447
33113669,0.2442903410731397
10587552,0.23100347621894088
788839271239184385,0.0
54682074,0.0
18869136,0.0
220020080,0.19965538969435073
959849838212014081,0.0
3512256616,0.0
1617603914,0.23083066803163504
76679840,0.253375052785999
16710690,0.0
948669952843595776,0.0
2986084527,0.0
48649222,0.27224779920700337
123678691,0.0
804701761017671680,0.253375052785999
9180262,0.2442903410731397
1070321898951753728,0.21656575895525706
1068486102930112514,0.23100347621894088
872544691442466816,0.0
2209729028,0.0
3074437553,0.24004033513936904
107171037,0.19970134750230337
20003288,0.23100347621894088
20131383,0.23100347621894088
3270678680,0.24446686900470735
1043211642182328320,0.23100347621894088
124087958,0.19405330414720917
334170116,0.1998168931228447
78807415,0.27224779920700337
1015930135,0.2442903410731397
325476794,0.19405330414720917
18202677,0.23088216974248546
20314655,0.2442903410731397
28312691,0.0
720212700,0.27735563784128114
830589635738816512,0.23482560989164775
3318895763,0.0
918943909811769344,0.0
21782750,0.0
2251623492,0.21656575895525706
725387616,0.23083066803163504
17076940,0.2492303562285181
1303571503,0.23100347621894088
143319983,0.24446686900470735
479013038,0.24446686900470735
3775401076,0.2442903410731397
1094048100564365312,0.24446686900470735
3310895591,0.0
14417382,0.2442903410731397
1974656552,0.0
4385501957,0.0
1369078711,0.0
3197088767,0.0
696907754275930112,0.0
18675332,0.24446686900470735
40030538,0.2531964484428236
2176358690,0.23083066803163504
356775978,0.27735563784128114
771681197781053440,0.2531964484428236
484733763,0.0
10868922,0.2442903410731397
46922123,0.24905267985218288
60884801,0.0
579115459,0.19965538969435073
770233588721868802,0.0
1245061044847947777,0.2442903410731397
14265641,0.0
438301250,0.24446686900470735
4712272236,0.0
45675087,0.24446686900470735
112806109,0.0
520133735,0.0
1030464891830902784,0.0
2968801294,0.0
14968475,0.24446686900470735
50414506,0.0
3130548765,0.1995398929398033
551776311,0.0
2272376472,0.0
327032058,0.23083066803163504
3513474256,0.19970134750230337
13533662,0.1998168931228447
264501255,0.2775383313265336
944905694,0.0
37048037,0.0
2354616571,0.19970134750230337
9910992,0.19970134750230337
2803449260,0.0
249695469,0.2442903410731397
2347049341,0.19405330414720917
14125868,0.0
1276832114856656896,0.0
14575354,0.0
3036851230,0.0
33474334,0.2775383313265336
391867472,0.276984444535819
731124359117590528,0.19965538969435073
59913797,0.0
1196193239713353732,0.0
1023751696697028608,0.23100347621894088
194989299,0.19965538969435073
564663512,0.0
838464523,0.19405330414720917
812055605510803456,0.0
163009576,0.0
2576448008,0.0
589300441,0.2492303562285181
139811295,0.23648723826568133
3317585532,0.0
408986233,0.0
46932973,0.0
949642445083459585,0.0
372730608,0.24446686900470735
2854283403,0.0
46350079,0.23100347621894088
3232640646,0.2442903410731397
4702018489,0.24446686900470735
1865461842,0.23100347621894088
1037384052,0.19965538969435073
99015174,0.27224779920700337
2769983813,0.2821963143675538
834609484781723648,0.23100347621894088
203070657,0.1995398929398033
2821170946,0.24446686900470735
451148485,0.24446686900470735
399089660,0.24446686900470735
922354202088759296,0.24446686900470735
261126954,0.23083066803163504
873162092819488769,0.0
1079473267,0.0
1004615060,0.0
19395637,0.0
294652384,0.24446686900470735
85307840,0.24446686900470735
3186534415,0.24446686900470735
1978351027,0.0
151303125,0.24905267985218288
15492359,0.253375052785999
65605637,0.0
435727485,0.2442903410731397
46394850,0.0
117553058,0.24446686900470735
2328843320,0.0
2798157850,0.0
1245923843119575041,0.2442903410731397
75392682,0.0
75585288,0.19970134750230337
779769,0.0
934228950,0.19965538969435073
1009253378,0.0
193309907,0.24905267985218288
32872183,0.24446686900470735
273003435,0.23100347621894088
465693357,0.0
803003521,0.0
797823007997722624,0.0
84560631,0.24446686900470735
2413882279,0.19405330414720917
15159648,0.2821963143675538
2279201814,0.0
5894872,0.23083066803163504
2444133930,0.0
736667972123512832,0.24446686900470735
93957809,0.19970134750230337
1371476814,0.0
852054291049316352,0.0
1218287414965350401,0.0
3041372326,0.2821963143675538
561226226,0.2442903410731397
269301403,0.2531964484428236
67815277,0.23100347621894088
1111871,0.23083066803163504
615595875,0.23083066803163504
944443345,0.19965538969435073
202853969,0.24905267985218288
20536157,0.253375052785999
4770618972,0.0
17157367,0.28237955596673475
238024065,0.24446686900470735
4827366892,0.0
204123892,0.23100347621894088
19859014,0.0
45827605,0.23083066803163504
28245224,0.23083066803163504
17917382,0.0
18115497,0.0
172260408,0.19970134750230337
876083623711174657,0.0
188221066,0.2442903410731397
1217315090,0.24446686900470735
2382305514,0.23465167455460767
1962172172,0.23100347621894088
2385273733,0.19405330414720917
14339792,0.2442903410731397
3030560968,0.19965538969435073
248064213,0.0
3988959013,0.24446686900470735
47987831,0.0
1194379349803319298,0.0
317158835,0.0
849649723,0.19970134750230337
712614852263542784,0.0
850170113504325632,0.2442903410731397
1357389505,0.0
1138704090106646528,0.23083066803163504
44652450,0.0
17712257,0.23100347621894088
253734620,0.0
3356531254,0.19405330414720917
369085369,0.0
2399290873,0.23100347621894088
16310134,0.1998168931228447
1643302016,0.23100347621894088
14761223,0.24905267985218288
2218900633,0.27224779920700337
815628453613621248,0.0
972984764,0.0
606265290,0.0
10627282,0.2442903410731397
977585064,0.23083066803163504
946591233954033664,0.0
1929876336,0.2442903410731397
406932163,0.2442903410731397
898161154169679873,0.0
112415325,0.24446686900470735
144947577,0.24446686900470735
861246336,0.24446686900470735
1064940934528421888,0.0
1932160213,0.0
946028606,0.23100347621894088
1031837755234549760,0.24446686900470735
1014561,0.27224779920700337
375820392,0.19965538969435073
16579738,0.23083066803163504
118412527,0.0
450842550,0.27224779920700337
793688995918024704,0.0
860098587287588864,0.19965538969435073
859698369765179392,0.0
370102769,0.19965538969435073
709493676121042945,0.0
899166691652972544,0.0
26329801,0.0
774575,0.23083066803163504
844218954088435712,0.0
518957746,0.0
1653261366,0.19965538969435073
4188048952,0.2442903410731397
272376633,0.2442903410731397
2199531518,0.24446686900470735
2378438060,0.2442903410731397
3102522680,0.23083066803163504
3565816992,0.23100347621894088
496430086,0.1995398929398033
700831074,0.23083066803163504
53250831,0.0
189495871,0.19970134750230337
30420908,0.0
822431809,0.2442903410731397
14266044,0.1995398929398033
21133730,0.27735563784128114
133790890,0.19405330414720917
36448779,0.1995398929398033
2328954662,0.19965538969435073
320568816,0.2442903410731397
14369971,0.23100347621894088
252411935,0.0
2451712820,0.2442903410731397
22398002,0.23100347621894088
47605273,0.2491126347582619
156204739,0.2442903410731397
566703294,0.19965538969435073
544737616,0.2821963143675538
538326631,0.1995398929398033
1523858262,0.0
346742249,0.1998168931228447
4707064313,0.0
10277212,0.0
911963260005552128,0.0
517818047,0.19965538969435073
3395161438,0.253375052785999
14614664,0.2442903410731397
915721853833900032,0.0
263247974,0.0
1483247714,0.1938943010653588
126323494,0.23083066803163504
10383162,0.23100347621894088
870968012,0.23100347621894088
4194417913,0.24446686900470735
919860212,0.24446686900470735
3053756746,0.0
78969930,0.2821963143675538
87242603,0.2442903410731397
117079124,0.19405330414720917
2711212681,0.23100347621894088
17278474,0.0
801372548940398593,0.0
8143682,0.2775383313265336
2995188801,0.0
876785354,0.0
3902819477,0.0
8139122,0.23100347621894088
2397162947,0.0
95267165,0.0
2475572071,0.2442903410731397
138562224,0.0
79067151,0.2442903410731397
961808198,0.0
966411199649808386,0.2771670922530631
18033550,0.23100347621894088
2882893927,0.0
7851812,0.0
894723591446687745,0.0
1084900963306098689,0.0
939091,0.23100347621894088
2475224005,0.27735563784128114
2189885600,0.0
477030336,0.23083066803163504
43583452,0.23083066803163504
13982132,0.23100347621894088
1319272146963673089,0.0
3513346942,0.0
183575679,0.23100347621894088
305431714,0.24446686900470735
34690221,0.0
1301869598481014787,0.0
251149608,0.1998168931228447
49945724,0.0
93873778,0.24446686900470735
13507112,0.2442903410731397
63859619,0.23100347621894088
1046614848,0.0
1582911193,0.19965538969435073
464868829,0.0
209100025,0.0
48235638,0.2442903410731397
3364147025,0.1995783770078727
275686563,0.19405330414720917
2371689380,0.0
18874262,0.2442903410731397
258722513,0.2442903410731397
135508015,0.2442903410731397
160741955,0.24446686900470735
249661913,0.2531964484428236
1546005282,0.0
2880905121,0.19970134750230337
52869134,0.2442903410731397
2329817887,0.24446686900470735
277298681,0.23083066803163504
2877269332,0.0
70422392,0.0
85428593,0.0
16113777,0.0
16549460,0.27224779920700337
618193431,0.0
211916935,0.23083066803163504
1629889939,0.19965538969435073
133550954,0.0
1195040516318093312,0.2771670922530631
19659141,0.23100347621894088
1049203448783278080,0.0
22129782,0.24446686900470735
3034892963,0.19405330414720917
204718713,0.24446686900470735
949493208702099456,0.0
278359534,0.24446686900470735
352650313,0.0
409922330,0.0
15045590,0.2442903410731397
2895714597,0.0
704185699415695360,0.2442903410731397
250344120,0.0
851254609,0.19965538969435073
277667306,0.19965538969435073
314430404,0.1998168931228447
49911968,0.2442903410731397
108207407,0.0
14957053,0.0
607311335,0.2442903410731397
866900373302378503,0.0
101264703,0.19970134750230337
384747822,0.24446686900470735
3207393315,0.23100347621894088
824812182114164736,0.1938943010653588
2962250933,0.0
1077633912,0.24446686900470735
15455450,0.2821963143675538
403677666,0.0
154138518,0.0
42399260,0.24446686900470735
139008774,0.24446686900470735
2190533245,0.2821963143675538
30981656,0.2442903410731397
150732625,0.19965538969435073
3511430425,0.19405330414720917
1603439773,0.19405330414720917
872274950,0.24446686900470735
582161546,0.23100347621894088
771036399671705600,0.0
828064288417779712,0.0
4208606734,0.0
23973296,0.24446686900470735
248135933,0.1995398929398033
1280838371682779136,0.0
2881046435,0.0
111258447,0.23100347621894088
821769650211930112,0.0
996170598056263683,0.2442903410731397
65915718,0.24905267985218288
16136478,0.0
1179011991563915264,0.0
18052550,0.0
90830802,0.1998168931228447
49793,0.2724298161561793
3158689771,0.23100347621894088
1894231788,0.24446686900470735
18506971,0.2442903410731397
17514022,0.23100347621894088
1477918760,0.2442903410731397
59900894,0.23100347621894088
507704346,0.23100347621894088
2826508686,0.1995398929398033
1911204626,0.2442903410731397
119406189,0.0
17949156,0.23100347621894088
223380941,0.2442903410731397
95013770,0.19970134750230337
15578992,0.1998168931228447
17354555,0.2442903410731397
71905822,0.23100347621894088
263265080,0.1938943010653588
3780315496,0.24446686900470735
322711407,0.24446686900470735
11017332,0.23100347621894088
2786141198,0.0
16687314,0.24446686900470735
14757518,0.23083066803163504
3003392104,0.19405330414720917
20460664,0.0
39889364,0.0
373951619,0.24446686900470735
1109067043,0.19965538969435073
11595422,0.24446686900470735
337600744,0.19970134750230337
4347423515,0.0
313348339,0.2442903410731397
905687730843037696,0.24446686900470735
2206179206,0.0
4398626122,0.2724298161561793
718108213078568960,0.20675525660386146
91523851,0.0
20058825,0.23100347621894088
2329921,0.23648723826568133
1582645148,0.0
1169945329053130753,0.0
2549047974,0.23100347621894088
899783769854320640,0.0
66322723,0.24446686900470735
933679231220850688,0.0
870764041660190720,0.0
19677430,0.27735563784128114
54817041,0.24446686900470735
1182908622113660929,0.2442903410731397
10752242,0.0
1175299088,0.24446686900470735
14895163,0.23100347621894088
1339637532,0.2821963143675538
5765972,0.24446686900470735
2803495736,0.0
2827812417,0.0
3230093066,0.2442903410731397
14749606,0.1998168931228447
15254807,0.19405330414720917
1617382039,0.24446686900470735
268262631,0.2442903410731397
837214523547353089,0.0
2165646554,0.2821963143675538
5893702,0.19405330414720917
710755931227824128,0.24446686900470735
188723124,0.1998168931228447
15002894,0.23100347621894088
7111232,0.23100347621894088
772574162,0.2724298161561793
610026759,0.24446686900470735
17002009,0.2492303562285181
801934486023782400,0.0
51934480,0.0
70266297,0.19970134750230337
2550133394,0.24905267985218288
197362628,0.23083066803163504
3300677471,0.23100347621894088
45303184,0.23648723826568133
904174368,0.19965538969435073
1710656606,0.23100347621894088
14677919,0.19405330414720917
1935675295,0.1998168931228447
2831695553,0.0
59208209,0.19970134750230337
19690273,0.23083066803163504
9271782,0.27224779920700337
1907881,0.2442903410731397
41694589,0.24446686900470735
563979425,0.19965538969435073
2895307672,0.0
624208322,0.19965538969435073
348506984,0.1998168931228447
6107292,0.0
78269677,0.27735563784128114
790342394675888128,0.0
829903626,0.1938943010653588
2520999920,0.23100347621894088
2411276060,0.23100347621894088
32338210,0.1998168931228447
14492532,0.23100347621894088
27224166,0.0
446719282,0.24446686900470735
260768625,0.19970134750230337
443602279,0.0
3406278903,0.2442903410731397
910827588,0.21656575895525706
16739331,0.0
180463340,0.19405330414720917
3510179057,0.0
17657107,0.2442903410731397
36024756,0.23100347621894088
790451965,0.2442903410731397
1127358323051749378,0.24446686900470735
63051202,0.0
376297519,0.1998168931228447
3221752726,0.0
412270831,0.24446686900470735
1265795638551212032,0.2483950755606865
790899349471498240,0.2443480247428146
182799181,0.1998168931228447
2979365176,0.19405330414720917
132453147,0.0
177751401,0.23100347621894088
2601589496,0.2821963143675538
131526573,0.1998168931228447
1195044761322823680,0.0
11773812,0.0
807251568961744896,0.0
39547749,0.24446686900470735
386277982,0.27224779920700337
2926864059,0.1995398929398033
1251073078211178496,0.0
199298537,0.2442903410731397
297091554,0.24446686900470735
256644046,0.2442903410731397
59504716,0.28237955596673475
1898912480,0.0
101353399,0.0
527454176,0.19965538969435073
835810382509928450,0.0
960887748,0.19965538969435073
1202308734,0.0
27818124,0.0
2493328698,0.19970134750230337
3415205164,0.23100347621894088
16976496,0.23648723826568133
485018563,0.1998168931228447
796368494342316032,0.0
398785862,0.23083066803163504
573918122,0.19405330414720917
2876226376,0.0
19710651,0.0
118263124,0.2492303562285181
1111315973125169152,0.30346448234188267
508906511,0.23100347621894088
67383602,0.0
47681517,0.0
994886035086761984,0.0
2842558252,0.23100347621894088
2653043425,0.0
846672306378326016,0.24446686900470735
743917727820058626,0.23083066803163504
831393481465556992,0.0
344725369,0.19970134750230337
54959293,0.0
904533569749508097,0.2442903410731397
787338664477134848,0.0
2932027868,0.0
1081289442671902720,0.0
375007888,0.28237955596673475
80979483,0.0
1441673010,0.23100347621894088
77436536,0.0
14285650,0.0
4645255754,0.0
3092629269,0.20675525660386146
339654180,0.23083066803163504
134061959,0.23083066803163504
146734981,0.24446686900470735
436038865,0.0
44973000,0.2821963143675538
2388819163,0.1998168931228447
74419325,0.23100347621894088
856509174473248768,0.0
1017373138500378624,0.24446686900470735
837051215339008000,0.0
1071412460,0.0
216919545,0.2442903410731397
16110508,0.24446686900470735
43006345,0.23100347621894088
158659687,0.23083066803163504
7295362,0.27735563784128114
256353770,0.0
4739335047,0.0
246713978,0.24446686900470735
382158989,0.28237955596673475
36966461,0.0
541117509,0.23100347621894088
315707871,0.19965538969435073
492216731,0.0
524561395,0.19970134750230337
273561140,0.27735563784128114
335829830,0.23083066803163504
799830497065050112,0.28237955596673475
5637652,0.23100347621894088
6459362,0.0
1222193343737794560,0.0
17581976,0.0
17395999,0.23100347621894088
868437872,0.0
936713855878787074,0.2442903410731397
836189288572325888,0.23083066803163504
256879792,0.0
66722583,0.27735563784128114
332134740,0.23631283050601049
804563319457660928,0.0
1904734980,0.0
33423759,0.23100347621894088
253587073,0.0
1269448278,0.0
2427769760,0.0
748179418397421568,0.19965538969435073
1230692054092529664,0.0
920382882413244417,0.23100347621894088
717348489215262724,0.2531964484428236
755513278625898496,0.0
4157611,0.0
191723833,0.24446686900470735
469631198,0.19965538969435073
776732741098467328,0.19405330414720917
917738789233217536,0.24905267985218288
3732176255,0.2724298161561793
3304471,0.28237955596673475
490382218,0.1998168931228447
1490398796,0.23100347621894088
822367881547550720,0.0
84036295,0.0
2409117643,0.0
154221292,0.19405330414720917
17465774,0.0
76336279,0.23100347621894088
79721713,0.0
2492618120,0.0
22026924,0.27735563784128114
9719522,0.0
488417933,0.23083066803163504
1255799724,0.0
260971421,0.2724298161561793
1212987379692081153,0.0
25481069,0.27735563784128114
126132953,0.24446686900470735
308226281,0.0
758175168,0.0
106505501,0.19965538969435073
2346714074,0.1995398929398033
2966094221,0.0
512191023,0.0
68475307,0.0
301178769,0.2442903410731397
308578864,0.24446686900470735
2289023460,0.0
106856453,0.2775383313265336
509162767,0.1998168931228447
50269516,0.2442903410731397
1014471,0.24446686900470735
17043428,0.19405330414720917
32856732,0.0
877823703249068032,0.0
14538236,0.19970134750230337
342578839,0.24446686900470735
272623675,0.2442903410731397
299858686,0.24446686900470735
190754693,0.24446686900470735
76966092,0.23083066803163504
562222972,0.0
739854925560156160,0.24446686900470735
258465487,0.1998168931228447
3005431923,0.23083066803163504
112202046,0.2724298161561793
796877583455555584,0.0
969392138076041216,0.2442903410731397
384759698,0.0
4027105402,0.2485725985705254
45598113,0.24446686900470735
3081585501,0.23083066803163504
2271904531,0.19405330414720917
1284042607,0.23083066803163504
20384956,0.1998168931228447
88673826,0.19970134750230337
76937615,0.2442903410731397
1442906958,0.24446686900470735
264132382,0.23083066803163504
822933216206188544,0.19965538969435073
139355216,0.24446686900470735
2714310207,0.0
113125584,0.24446686900470735
348011201,0.0
2864356347,0.23083066803163504
274609987,0.24446686900470735
172179385,0.24446686900470735
59780450,0.23100347621894088
891725802,0.23100347621894088
1426135280,0.0
234058792,0.2442903410731397
467852343,0.0
19341622,0.23482560989164775
87473622,0.24905267985218288
268025507,0.23083066803163504
2916305152,0.23100347621894088
792460428005605376,0.24446686900470735
289222668,0.23083066803163504
167735563,0.0
393675585,0.2821963143675538
18033313,0.24446686900470735
42614814,0.0
342569184,0.19970134750230337
111373125,0.2442903410731397
771427581992185856,0.0
193935341,0.2483950755606865
318093688,0.24446686900470735
1677808003,0.0
2373145729,0.0
1251232344947613701,0.0
15225375,0.23100347621894088
26607837,0.23100347621894088
341000847,0.2821963143675538
3341697257,0.0
137394430,0.0
3128829965,0.2821963143675538
158751132,0.23083066803163504
2730017576,0.0
1077070220332740608,0.0
395990396,0.19405330414720917
66821479,0.0
82095610,0.23100347621894088
1108685535088771073,0.0
207770279,0.23100347621894088
281448138,0.19405330414720917
3298523377,0.0
9533042,0.23100347621894088
93903085,0.0
350164545,0.23083066803163504
1154319646780272641,0.24446686900470735
20436576,0.23100347621894088
294599794,0.19970134750230337
534290225,0.23083066803163504
247943231,0.2442903410731397
838930153665363968,0.0
2353222800,0.0
3083042302,0.0
337886919,0.19405330414720917
15068044,0.0
3309394037,0.0
2706892358,0.0
3018358499,0.0
52671862,0.0
59273937,0.1998168931228447
55247494,0.23083066803163504
1848037524,0.23100347621894088
1019194066855006208,0.2442903410731397
817382,0.23100347621894088
188029486,0.0
2288970024,0.23100347621894088
2251030016,0.0
842043337687289856,0.24446686900470735
157920406,0.0
202626872,0.0
4890000754,0.2442903410731397
44196397,0.2536852573070396
28165790,0.23648723826568133
20644989,0.24446686900470735
19739240,0.24446686900470735
4742002531,0.23465167455460767
2354542969,0.2492303562285181
106064139,0.19970134750230337
716643191072628736,0.0
3240349167,0.0
1241258612,0.23083066803163504
15581480,0.2442903410731397
9571292,0.2442903410731397
29277960,0.2442903410731397
79764713,0.0
14583400,0.1998168931228447
761153954809913344,0.0
1084212657761148928,0.24446686900470735
436837074,0.0
540985738,0.19965538969435073
22749856,0.24446686900470735
5734242,0.27735563784128114
1053292116,0.2442903410731397
319135326,0.19405330414720917
267249771,0.19970134750230337
19626509,0.2442903410731397
1039052508193284096,0.2485725985705254
245548093,0.19405330414720917
3130629970,0.1995783770078727
4883900442,0.0
769823624308092928,0.0
265422963,0.23100347621894088
32942338,0.24905267985218288
49287656,0.2442903410731397
1166366776625467393,0.0
139507464,0.0
2196922086,0.19405330414720917
259403751,0.19970134750230337
436122215,0.0
2898184305,0.19405330414720917
383365753,0.0
78269397,0.27224779920700337
2190753169,0.0
126352685,0.1995398929398033
16868154,0.2821963143675538
15192127,0.23083066803163504
1106015165969924096,0.23083066803163504
972494379754688518,0.0
206292087,0.2442903410731397
2575365842,0.24446686900470735
1770311,0.24446686900470735
377344523,0.19965538969435073
479798490,0.19965538969435073
129746032,0.23100347621894088
23666107,0.23100347621894088
1320653768346816512,0.0
15247794,0.19970134750230337
737882640,0.0
2422189058,0.24905267985218288
398537509,0.19965538969435073
739565869433524225,0.0
458399248,0.1938943010653588
831503418376146946,0.23100347621894088
3007913925,0.0
3107826244,0.23648723826568133
940441783,0.0
226298062,0.0
838701223113068544,0.0
358026989,0.19965538969435073
2988561009,0.1995398929398033
551653007,0.1998168931228447
131498466,0.24446686900470735
1162690737516863494,0.0
15376357,0.23100347621894088
14697496,0.2724298161561793
17015268,0.23083066803163504
725639768663576576,0.2442903410731397
81875677,0.24446686900470735
616564407,0.19965538969435073
854719703545253888,0.0
145637517,0.23100347621894088
197313522,0.24446686900470735
2987533553,0.0
18059898,0.2492303562285181
700064764,0.19965538969435073
2981463028,0.0
1153956919,0.0
9632312,0.2724298161561793
852083180182147072,0.23083066803163504
833597084167122945,0.0
39781270,0.0
52352322,0.1998168931228447
369440364,0.19970134750230337
303048766,0.24446686900470735
2676313880,0.23482560989164775
2424287186,0.19405330414720917
495430242,0.24905267985218288
12486432,0.0
19081001,0.1998168931228447
778982023415291904,0.0
10759032,0.2492303562285181
4854858064,0.0
2538081673,0.0
3234931837,0.23100347621894088
1669374084,0.0
920700510306529280,0.2483950755606865
248721193,0.0
20747847,0.1998168931228447
2717694091,0.23100347621894088
219293337,0.0
246318475,0.1998168931228447
159421391,0.0
1289974182755762176,0.0
762093631,0.2771670922530631
20926161,0.2442903410731397
15573348,0.23083066803163504
26549850,0.0
887627169765130241,0.0
116655482,0.23100347621894088
431192409,0.0
743340014214352896,0.24446686900470735
1144823372158767104,0.0
14616323,0.0
481094172,0.19970134750230337
533149076,0.1995398929398033
1086604922,0.27735563784128114
908589103737950208,0.0
623575404,0.0
467004982,0.23100347621894088
848152044137574401,0.0
53079180,0.23083066803163504
216939636,0.28237955596673475
898565245484105732,0.24446686900470735
49438224,0.23100347621894088
2315608478,0.0
791230655367700480,0.1998168931228447
190006526,0.2442903410731397
388144129,0.2442903410731397
743856512,0.23083066803163504
1062729727,0.2442903410731397
114485232,0.2775383313265336
4901700861,0.23100347621894088
3147145875,0.23083066803163504
831290691712004096,0.2442903410731397
34999723,0.0
87818409,0.19405330414720917
742643587108605952,0.0
4329329968,0.23100347621894088
2240528131,0.23100347621894088
1850752598,0.1995398929398033
916364161415892992,0.23100347621894088
73147282,0.19405330414720917
1111730640762875907,0.27224779920700337
96962998,0.24446686900470735
382393,0.2442903410731397
36515907,0.24446686900470735
2515540081,0.1995398929398033
701026341500690432,0.0
14451127,0.2821963143675538
199597043,0.0
4083688114,0.24446686900470735
4353971122,0.23083066803163504
22994885,0.24446686900470735
1074807847,0.19965538969435073
604779041,0.0
778607,0.23083066803163504
1143038206335737856,0.24446686900470735
73509664,0.0
2839825685,0.24446686900470735
568542838,0.23083066803163504
4663308149,0.0
240316759,0.0
16867526,0.19970134750230337
73343,0.19965538969435073
49977240,0.24446686900470735
130667410,0.0
917259707236208640,0.0
1308409993213943809,0.23100347621894088
48457557,0.0
984363152958685184,0.0
264103867,0.0
3233792564,0.23083066803163504
26014256,0.23100347621894088
46508246,0.0
1233080567727521792,0.0
403731744,0.24446686900470735
186404598,0.1998168931228447
106023728,0.23083066803163504
633,0.24446686900470735
1178221893616308224,0.0
15862919,0.0
585390634,0.0
6763242,0.0
101711550,0.0
941478255789457408,0.23083066803163504
1605423500,0.0
761072228028911618,0.0
25037133,0.2442903410731397
54875928,0.27735563784128114
44583317,0.0
6057982,0.24446686900470735
4460137405,0.0
713395522095210496,0.0
22952866,0.24446686900470735
153439378,0.24446686900470735
2983902143,0.2442903410731397
485865743,0.2821963143675538
2797743527,0.0
2887723143,0.1998168931228447
73001375,0.0
16684149,0.0
323616054,0.0
1517068255,0.0
49719781,0.23083066803163504
871687740,0.24446686900470735
549833457,0.2491126347582619
354009660,0.0
557553364,0.23083066803163504
372843212,0.1998168931228447
289560192,0.2442903410731397
33836629,0.24446686900470735
195658424,0.2442903410731397
4149032843,0.24905267985218288
1891806212,0.24021576416460694
14862794,0.24446686900470735
2321117354,0.0
780174132,0.0
1877046548,0.19965538969435073
433873132,0.2442903410731397
1567085737,0.0
50607971,0.0
374433827,0.2442903410731397
125792630,0.24446686900470735
21991908,0.23100347621894088
15169938,0.23100347621894088
16134540,0.23482560989164775
742143,0.19405330414720917
879014078932504577,0.24446686900470735
2494212979,0.23100347621894088
1037864733360226304,0.0
61143806,0.2442903410731397
2459299508,0.24446686900470735
80422885,0.19405330414720917
234321271,0.27224779920700337
562363,0.0
3008322017,0.23100347621894088
87476034,0.2485725985705254
442245081,0.2442903410731397
17503180,0.2724298161561793
771363829556977665,0.0
118748199,0.23100347621894088
24046380,0.23083066803163504
253609062,0.0
33993797,0.23083066803163504
1219230275198058497,0.0
2525616956,0.0
2228576226,0.0
2244880545,0.19965538969435073
203250712,0.23083066803163504
15156540,0.23100347621894088
951237270044069888,0.19405330414720917
884180960,0.23100347621894088
1136467769199910912,0.0
190161488,0.23217722342064614
16895951,0.23100347621894088
1229540217595387904,0.24446686900470735
29951831,0.24446686900470735
581406453,0.23083066803163504
1734575215,0.23465167455460767
219728708,0.0
38277726,0.0
3375552377,0.0
17078917,0.27735563784128114
16507835,0.23083066803163504
19540483,0.19970134750230337
193227076,0.24446686900470735
21769127,0.19405330414720917
810173876466515968,0.24446686900470735
174072879,0.24446686900470735
84653850,0.24446686900470735
104892871,0.19970134750230337
59481357,0.27735563784128114
26280712,0.1998168931228447
352053266,0.2492303562285181
975115762712096768,0.0
333410580,0.1998168931228447
1562578862,0.2492303562285181
1441677282,0.2442903410731397
1017171853914333185,0.0
137745777,0.0
2776164847,0.24446686900470735
37788263,0.23100347621894088
17839109,0.27735563784128114
70900164,0.2442903410731397
748315519674048512,0.0
18843675,0.2442903410731397
1851621,0.2442903410731397
45820175,0.24446686900470735
1040124415151726592,0.0
153327232,0.216442979457398
40380303,0.0
131947210,0.0
142724647,0.0
2025101,0.2442903410731397
151581782,0.0
571202103,0.20675525660386146
201194687,0.27735563784128114
221460294,0.23100347621894088
16621479,0.0
2835276183,0.19405330414720917
711001600567828481,0.0
1471694196,0.0
73719913,0.24446686900470735
1377476875,0.0
14794109,0.0
25864331,0.23083066803163504
31442869,0.23100347621894088
947311503216066560,0.276984444535819
109613064,0.23083066803163504
807261497500069888,0.24446686900470735
2821616774,0.24446686900470735
547871798,0.27224779920700337
14488805,0.1995398929398033
159342110,0.2442903410731397
1535439446,0.2442903410731397
1936953062,0.23083066803163504
179797676,0.23100347621894088
34227622,0.19970134750230337
13235832,0.23100347621894088
16851370,0.24446686900470735
475026877,0.2442903410731397
343587148,0.0
15926727,0.24446686900470735
48677032,0.2821963143675538
637087464,0.23083066803163504
79703784,0.23100347621894088
4718039356,0.0
47562075,0.23100347621894088
458079606,0.23100347621894088
2734776646,0.0
839139788846411777,0.0
997784960,0.24446686900470735
52414554,0.0
839446682819563520,0.0
3246646347,0.2724298161561793
2974389209,0.0
41667342,0.2323504352639493
28822067,0.19970134750230337
263483174,0.23100347621894088
6365342,0.23100347621894088
109598348,0.2485725985705254
334516778,0.0
1479360883,0.1938943010653588
1530894998,0.19970134750230337
772871943577931776,0.1998168931228447
11867332,0.24446686900470735
281945877,0.0
537014740,0.1998168931228447
3015605477,0.0
224495471,0.24446686900470735
2832694608,0.0
2457267950,0.1995398929398033
15808647,0.23100347621894088
26000689,0.19970134750230337
114738098,0.0
433226744,0.1998168931228447
2417892751,0.0
1148595838664552451,0.0
216703645,0.1995398929398033
3751854082,0.19965538969435073
19888273,0.23083066803163504
917421341359464450,0.0
924426975330160641,0.0
1287104705185939456,0.2442903410731397
793483735018504192,0.23083066803163504
16596200,0.23100347621894088
734735999029383168,0.23100347621894088
906922846412267521,0.0
39237580,0.23100347621894088
1148229403,0.19965538969435073
431764698,0.23083066803163504
166739404,0.19405330414720917
133806972,0.23100347621894088
3160109092,0.0
18485339,0.23100347621894088
160246849,0.0
320603385,0.19970134750230337
955493794669121537,0.0
1551361069,0.23100347621894088
402875257,0.23100347621894088
27104786,0.24446686900470735
352248891,0.0
44595708,0.0
284858667,0.1998168931228447
327066310,0.0
14146389,0.1998168931228447
2322434384,0.23482560989164775
4786709654,0.23100347621894088
2492690671,0.2442903410731397
702513144782950400,0.0
497181885,0.23100347621894088
833624768800817152,0.0
3077138539,0.0
8123222,0.19970134750230337
476700973,0.23100347621894088
1721425735,0.0
37715152,0.0
200083348,0.2442903410731397
1035524448319885312,0.24446686900470735
17855686,0.23100347621894088
455428885,0.24446686900470735
166499569,0.2442903410731397
135047672,0.2442903410731397
2435317801,0.23083066803163504
15378449,0.24004033513936904
1044869316288696320,0.24446686900470735
14301911,0.23100347621894088
28077022,0.0
16953723,0.1998168931228447
44860754,0.0
1313137113454579717,0.2442903410731397
220017829,0.0
45101319,0.0
1101500498564313090,0.27224779920700337
40156543,0.2492303562285181
2502662672,0.23100347621894088
2310390416,0.0
301941645,0.2163977174374362
3339046197,0.0
27018274,0.0
94642927,0.23100347621894088
817845968,0.19405330414720917
781751446362468353,0.0
17383073,0.23083066803163504
271485168,0.1938943010653588
2269512362,0.0
