id,PageRank
27493489,0.00027303671950386886
551951577,0.00028703493375087667
4873684235,0.00015112519281967
228130177,0.00039386571070252317
1894582058,0.00015112519281967
1089302341,0.00015112519281967
16042588,0.00027303671950386886
15089078,0.0002109954157293738
3620548396,0.00027303671950386886
2754814433,0.00015112519281967
2587163612,0.00027303671950386886
44953355,0.00027303671950386886
838141984053284864,0.00015112519281967
37162329,0.00015112519281967
2996506102,0.00015112519281967
3091376321,0.00028703493375087667
891193292385288193,0.00015112519281967
404376053,0.00039386571070252317
1204339794471538688,0.00015112519281967
769507902897856512,0.00015112519281967
197481317,0.00027303671950386886
33284619,0.00028703493375087667
24603962,0.00028703493375087667
1663172653,0.0002109954157293738
1280804221,0.00015112519281967
287275780,0.00015112519281967
1251059396991311872,0.00015112519281967
419395379,0.00028703493375087667
19659370,0.08936293919646009
412155441,0.00028703493375087667
72474729,0.00028703493375087667
15962096,0.00039386571070252317
436609034,0.00019563214713820104
2372636521,0.00015112519281967
1853174220,0.00015112519281967
631705640,0.00015112519281967
889657085868298240,0.0003315418880694077
5848122,0.00027303671950386886
794790254,0.0002109954157293738
3079899620,0.00015112519281967
25268217,0.00028703493375087667
2230151202,0.00027303671950386886
1038481676,0.00019563214713820104
3085799703,0.0002109954157293738
15518172,0.00027303671950386886
200630242,0.0003175436738223999
27131901,0.00040894646043507547
94732055,0.0003315418880694077
143187995,0.00015112519281967
3331252607,0.0002109954157293738
825382759,0.00028703493375087667
373974821,0.00027303671950386886
705504146808565760,0.00015112519281967
755397390,0.00034690515666058045
18384521,0.00028703493375087667
755733488851189760,0.0003175436738223999
928760788306878464,0.0003315418880694077
390380093,0.00015112519281967
7368332,0.00028703493375087667
561642136,0.00039386571070252317
1065937815022837760,0.00028703493375087667
577243493,0.00039386571070252317
464907377,0.00015112519281967
58558979,0.00015112519281967
252988497,0.00027303671950386886
1580058000,0.00027303671950386886
190778398,0.00028703493375087667
1640671358,0.00015112519281967
14293310,0.00019563214713820104
331076291,0.00034690515666058045
1934999587,0.00027303671950386886
427218827,0.00015112519281967
2381066016,0.00015112519281967
101045085,0.00034690515666058045
82541893,0.00015112519281967
3384319941,0.00027303671950386886
126274094,0.00028703493375087667
399935607,0.00039386571070252317
43973475,0.00028703493375087667
1190682302977859584,0.00015112519281967
119711344,0.00019563214713820104
12755532,0.00028703493375087667
84351228,0.0003175436738223999
2360762586,0.00019563214713820104
404100683,0.00015112519281967
841854020058677252,0.00027303671950386886
20356196,0.00015112519281967
889461651673690112,0.00015112519281967
512785206,0.00027303671950386886
1065173952664952837,0.00015112519281967
763432576375779328,0.00028703493375087667
3026571023,0.00019563214713820104
706980266879946752,0.00034690515666058045
3332231,0.00034690515666058045
512594470,0.00015112519281967
325755342,0.00028703493375087667
1382732563,0.00028703493375087667
17705769,0.00027303671950386886
26240101,0.0003315418880694077
2754412213,0.00039386571070252317
2153743237,0.00028703493375087667
2394417954,0.00027303671950386886
51023058,0.0004383726650210542
5943622,0.00027303671950386886
14622066,0.00027303671950386886
1322931373,0.00015112519281967
2815077014,0.00034690515666058045
3305766383,0.00015112519281967
1206594224537448449,0.00015112519281967
3411494596,0.00028703493375087667
9320372,0.00028703493375087667
64732883,0.00015112519281967
1067977726118682625,0.00028703493375087667
125721127,0.00015112519281967
2424680826,0.00028703493375087667
1991321,0.00028703493375087667
994300581291282432,0.00028703493375087667
1121934716,0.00033290694241357264
27990587,0.00028703493375087667
2872651869,0.00015112519281967
55612967,0.00015112519281967
2903681001,0.00027303671950386886
130671142,0.0005133236376633103
15333148,0.00027303671950386886
68443905,0.00028703493375087667
298982411,0.00015112519281967
1061582051449557003,0.00015112519281967
48062712,0.00028703493375087667
119512412,0.0005133236376633103
1425336134,0.00015112519281967
2895770934,0.00028703493375087667
79128388,0.00015112519281967
108334890,0.00027303671950386886
17600799,0.00015112519281967
2176025565,0.00015112519281967
911454651417088000,0.00015112519281967
47325650,0.00028703493375087667
1110855455696314368,0.00015112519281967
142293342,0.00015112519281967
30030112,0.00015112519281967
1351611290,0.00015112519281967
897060827316072448,0.00040894646043507547
8220532,0.00033290694241357264
1264438328,0.0003175436738223999
57320656,0.0003175436738223999
118056286,0.00028703493375087667
16102444,0.00015112519281967
3435577992,0.00015112519281967
212276623,0.00028703493375087667
1173370158,0.00028703493375087667
2986305078,0.00028703493375087667
2560958309,0.00015112519281967
26212951,0.00015112519281967
71167669,0.00028703493375087667
569382995,0.00019563214713820104
400804254,0.00034690515666058045
50706020,0.00028703493375087667
108434901,0.00019563214713820104
37622738,0.00028703493375087667
419071399,0.00028703493375087667
4728720725,0.00027303671950386886
310741473,0.00027303671950386886
103810205,0.00028703493375087667
2544161559,0.00015112519281967
583637312,0.00015112519281967
3405424143,0.00015112519281967
46092394,0.00015112519281967
567383651,0.00028703493375087667
632815919,0.00015112519281967
1228726773078208512,0.00015112519281967
781676758932262912,0.00027303671950386886
456853606,0.00039386571070252317
879077538525396992,0.00015112519281967
1255539999467958272,0.00028703493375087667
1259983955408744449,0.00028703493375087667
2807461219,0.00027303671950386886
1432662902,0.00028703493375087667
2427734180,0.00015112519281967
787149253302812672,0.00027303671950386886
114407120,0.00027303671950386886
897568340075479040,0.00039386571070252317
2922679556,0.00027303671950386886
1246421,0.00027303671950386886
1026754771087110144,0.00027303671950386886
4863093417,0.0003914121109791115
194324277,0.00015112519281967
809193212,0.00015112519281967
361281600,0.0002109954157293738
450594910,0.00039386571070252317
41259586,0.00028703493375087667
2890969865,0.00015112519281967
2239534928,0.00028703493375087667
61111487,0.00027303671950386886
186764685,0.00027303671950386886
19722699,0.00019563214713820104
196476038,0.00039386571070252317
150622632,0.00028703493375087667
78912282,0.00028703493375087667
709543955126333440,0.00027303671950386886
11939852,0.00027303671950386886
56510427,0.00019563214713820104
337797562,0.00015112519281967
216016685,0.00028703493375087667
201275909,0.00034690515666058045
414978578,0.00039386571070252317
2842688136,0.00028703493375087667
747665252,0.00028703493375087667
288995692,0.00027303671950386886
296312612,0.0003914121109791115
3293206151,0.00015112519281967
200163448,0.00019563214713820104
243082126,0.00028703493375087667
1014722412,0.00015112519281967
126062970,0.00015112519281967
3317549893,0.00015112519281967
39697728,0.0004534534147536065
714783310954774529,0.00015112519281967
1048018930785083392,0.00039386571070252317
262191481,0.00027303671950386886
896676717603028992,0.00039386571070252317
714365137365426176,0.00015112519281967
3272004860,0.00015112519281967
2203092098,0.00028703493375087667
852962413,0.00015112519281967
2607616422,0.00034690515666058045
52059998,0.000498242887930758
721931072,0.00028703493375087667
71502653,0.00015112519281967
1057715900,0.00027303671950386886
55044770,0.00015112519281967
2700931729,0.00015112519281967
122127763,0.00039386571070252317
14784786,0.00015112519281967
3242397351,0.00015112519281967
6355402,0.00040894646043507547
8077952,0.00028703493375087667
349172730,0.00027303671950386886
30339571,0.0005133236376633103
33864359,0.00027303671950386886
373580725,0.00015112519281967
114773847,0.00027303671950386886
810893744593584128,0.0003914121109791115
73926321,0.00039386571070252317
250055606,0.00015112519281967
61302699,0.00040894646043507547
21324520,0.00015112519281967
1652541,0.00019563214713820104
1140577345973170177,0.00015112519281967
40090727,0.00027303671950386886
3270447613,0.00015112519281967
14657345,0.00028703493375087667
80269062,0.00015112519281967
27375578,0.00015112519281967
173431194,0.00028703493375087667
91367103,0.00034690515666058045
2606773789,0.00027303671950386886
14978945,0.00028703493375087667
46496916,0.00028703493375087667
856684314,0.00015112519281967
308456550,0.00019563214713820104
16976682,0.00027303671950386886
10313732,0.00028703493375087667
972987874613366784,0.00015112519281967
2274780686,0.00015112519281967
25134469,0.0005133236376633103
3239238377,0.00015112519281967
2613410444,0.00015112519281967
2209063952,0.00015112519281967
14553715,0.00028703493375087667
26092949,0.00015112519281967
16079826,0.00015112519281967
102609059,0.00015112519281967
14998112,0.00027303671950386886
1494913634,0.00015112519281967
68351679,0.00015112519281967
8719472,0.00027303671950386886
12035282,0.00027303671950386886
1301154075434606598,0.00015112519281967
29735775,0.00028703493375087667
2303160649,0.00028703493375087667
891731882,0.00028703493375087667
59263220,0.0005133236376633103
90626911,0.00028703493375087667
546315483,0.00039386571070252317
167169119,0.00040894646043507547
22514268,0.00028703493375087667
127894322,0.0005133236376633103
305474242,0.0005133236376633103
33861957,0.00028703493375087667
2278288488,0.00015112519281967
3275322876,0.00028703493375087667
390324658,0.00015112519281967
338526004,0.00015112519281967
5763912,0.00027303671950386886
600067712,0.00027303671950386886
33970089,0.00040894646043507547
39321347,0.00040894646043507547
1303427371,0.00027303671950386886
372830899,0.00028703493375087667
1168926603855958017,0.00015112519281967
153004670,0.00027303671950386886
1214864022572425217,0.00028703493375087667
563947963,0.00015112519281967
114045446,0.00028703493375087667
3237012607,0.00015112519281967
25624456,0.00028703493375087667
7990062,0.00015112519281967
344956335,0.00028703493375087667
4531194259,0.00015112519281967
485447824,0.00015112519281967
2232721860,0.00027303671950386886
489677804,0.00027303671950386886
809848752,0.00015112519281967
12414242,0.00015112519281967
266717381,0.00027303671950386886
109640788,0.00027303671950386886
91440853,0.00046881668334477925
1367458171,0.00019563214713820104
515192228,0.00015112519281967
45412709,0.00028703493375087667
391247062,0.00028703493375087667
1685766865,0.00028703493375087667
2312790332,0.00027303671950386886
121709074,0.00034690515666058045
2874803443,0.00015112519281967
22597445,0.0003914121109791115
56318966,0.00028703493375087667
955599008,0.00028703493375087667
43526978,0.00015112519281967
45321027,0.00027303671950386886
972651,0.00019563214713820104
3439304543,0.00015112519281967
2215006026,0.00015112519281967
2813275219,0.00015112519281967
700999301514686464,0.00015112519281967
188756842,0.00015112519281967
1562518867,0.00027303671950386886
605012771,0.00028703493375087667
110509537,0.00039386571070252317
2810375782,0.00027303671950386886
136142062,0.00015112519281967
58324434,0.00039386571070252317
917284226269052928,0.00015112519281967
2960317030,0.00015112519281967
1238826270,0.00015112519281967
4833032980,0.0003914121109791115
597499972,0.00028703493375087667
388752038,0.00027303671950386886
60959947,0.00028703493375087667
2444229696,0.00027303671950386886
3361359683,0.00027303671950386886
23055193,0.00028703493375087667
918158086858211329,0.00015112519281967
4897300665,0.00015112519281967
22752868,0.00015112519281967
155505157,0.00027303671950386886
81381560,0.00028703493375087667
1014199723031449600,0.00027303671950386886
1168,0.00027303671950386886
402143587,0.00028703493375087667
19411223,0.00019563214713820104
408717162,0.00015112519281967
299659731,0.00039386571070252317
245907225,0.00028703493375087667
1930184042,0.00015112519281967
598232506,0.00027303671950386886
204297410,0.00040894646043507547
942684527754989568,0.00015112519281967
780874432927719424,0.00039386571070252317
514667085,0.00019563214713820104
1054280867512705025,0.00028703493375087667
36049907,0.00015112519281967
27171750,0.00015112519281967
4874161629,0.00028703493375087667
635986661,0.00028703493375087667
299807081,0.00028703493375087667
553436328,0.00028703493375087667
163363440,0.00015112519281967
273921060,0.00027303671950386886
1155634482629791746,0.00015112519281967
194399316,0.00027303671950386886
92593701,0.00015112519281967
266028681,0.00028703493375087667
301037777,0.00015112519281967
72102865,0.00015112519281967
1244079788,0.00027303671950386886
534255106,0.00027303671950386886
1350732349,0.00019563214713820104
55858928,0.0002109954157293738
2318099514,0.0002109954157293738
943676329,0.00015112519281967
394665897,0.00039386571070252317
20581429,0.00019563214713820104
110420616,0.00027303671950386886
224209816,0.00028703493375087667
117652722,0.00039386571070252317
151208743,0.00015112519281967
259906731,0.00027303671950386886
377983647,0.00015112519281967
313140358,0.00027303671950386886
313444531,0.00028703493375087667
19486877,0.00027303671950386886
11164692,0.0002109954157293738
9507112,0.00039386571070252317
14511951,0.00019563214713820104
327122348,0.00040894646043507547
2540678306,0.00040894646043507547
46131106,0.0003914121109791115
405384428,0.0002109954157293738
22843337,0.00019563214713820104
42909798,0.00039386571070252317
431210487,0.00019563214713820104
53654934,0.0002109954157293738
93494670,0.00034690515666058045
2591662868,0.0002109954157293738
20887537,0.00039386571070252317
1148895885729947648,0.00015112519281967
3120886937,0.00015112519281967
146195370,0.00040894646043507547
14707794,0.00027303671950386886
19204539,0.00028703493375087667
299394773,0.00027303671950386886
1227698863,0.00027303671950386886
1622761998,0.00015112519281967
561277962,0.00015112519281967
84560252,0.00028703493375087667
162124540,0.00028703493375087667
774076183461892096,0.00015112519281967
1166221754,0.00015112519281967
14049302,0.00027303671950386886
89774258,0.00046881668334477925
75525450,0.00028703493375087667
2998896042,0.00034690515666058045
257691637,0.00015112519281967
95630269,0.00015112519281967
569790116,0.0002109954157293738
134072288,0.00027303671950386886
243479125,0.00040894646043507547
606214834,0.00015112519281967
16674284,0.00027303671950386886
393652166,0.00034690515666058045
2816046521,0.0002109954157293738
108989193,0.00015112519281967
65184105,0.00039386571070252317
48448084,0.00015112519281967
19058451,0.00015112519281967
11069462,0.00015112519281967
3035143127,0.0002109954157293738
1251034648492138498,0.00015112519281967
37069005,0.00015112519281967
1060157776477982721,0.00028703493375087667
2752564758,0.00015112519281967
22132438,0.00015112519281967
608052226,0.0003315418880694077
341258707,0.00039386571070252317
1072910977,0.00028703493375087667
1605951265,0.00015112519281967
553729228,0.00027303671950386886
1290762290224984064,0.00028703493375087667
2383802810,0.00028703493375087667
417189950,0.00039386571070252317
115494880,0.00027303671950386886
415798356,0.00015112519281967
1527461,0.0002109954157293738
1043021486,0.00039386571070252317
1556357336,0.0004383726650210542
398092540,0.00027303671950386886
112829445,0.0002109954157293738
1246201593755660288,0.00027303671950386886
7905122,0.00027303671950386886
596203049,0.00028703493375087667
202740551,0.00015112519281967
396680992,0.00028703493375087667
296459271,0.00019563214713820104
934851466082357249,0.0003315418880694077
23818581,0.00019563214713820104
954235769618538496,0.00015112519281967
65423884,0.00015112519281967
932582571338321920,0.00027303671950386886
2713275441,0.00028703493375087667
2900424513,0.00015112519281967
301709965,0.00028703493375087667
1023096199,0.00039386571070252317
47725447,0.00027303671950386886
14494523,0.00015112519281967
101764664,0.00015112519281967
828625466,0.00028703493375087667
743908703863083008,0.00015112519281967
7466492,0.00028703493375087667
1055893919597133824,0.00040894646043507547
821666958680719361,0.00028703493375087667
92071137,0.00046881668334477925
49556240,0.00015112519281967
13056322,0.00025550237004790487
1434631356,0.00034690515666058045
61187211,0.00015112519281967
82337208,0.00027303671950386886
103835763,0.00015112519281967
14874480,0.0002109954157293738
3946229836,0.0002109954157293738
17053944,0.00028703493375087667
839149376643686401,0.00028703493375087667
3036907250,0.013402651914695904
26711278,0.00034690515666058045
289284899,0.00015112519281967
419946721,0.00015112519281967
1174325520294715392,0.00015112519281967
777648349,0.00015112519281967
3621255616,0.00015112519281967
2842839092,0.00027303671950386886
6844292,0.00028703493375087667
822143767,0.00015112519281967
70819203,0.00028703493375087667
8746072,0.00027303671950386886
278482863,0.00028703493375087667
91697719,0.0002109954157293738
2320791044,0.00027303671950386886
99473901,0.00028703493375087667
23761309,0.00028703493375087667
885944485615738881,0.00015112519281967
9541832,0.00027303671950386886
192931240,0.00039386571070252317
305236970,0.00027303671950386886
838131126002728960,0.00015112519281967
774324193928351744,0.00015112519281967
474233138,0.00039386571070252317
16273541,0.0002109954157293738
789107706397196288,0.00015112519281967
34698700,0.00015112519281967
185263153,0.00028703493375087667
1123336792021897216,0.00028703493375087667
616219267,0.00027303671950386886
15521075,0.00019563214713820104
998279534947586048,0.00015112519281967
828489290,0.00015112519281967
831922344,0.0002109954157293738
57246759,0.00027303671950386886
134765219,0.0002109954157293738
18238570,0.00015112519281967
1734817550,0.00015112519281967
124319949,0.00028703493375087667
2544647385,0.00039386571070252317
9316452,0.00028703493375087667
1081076050061213697,0.00028703493375087667
15056816,0.00027303671950386886
327301533,0.00015112519281967
13284672,0.00027303671950386886
55517828,0.00034690515666058045
2386023224,0.00015112519281967
11649702,0.00015112519281967
388212968,0.00039386571070252317
570072860,0.00019563214713820104
854581958,0.0003175436738223999
720389270335135745,0.0004534534147536065
101818541,0.00015112519281967
2989739661,0.00015112519281967
925565433679298560,0.00028703493375087667
142837256,0.00039386571070252317
1468634743,0.00028703493375087667
253973566,0.00015112519281967
871920132641173504,0.00015112519281967
468825579,0.00028703493375087667
14208224,0.00027303671950386886
58880930,0.00040894646043507547
192854350,0.00019563214713820104
191728278,0.00015112519281967
435462176,0.00028703493375087667
2166992210,0.00028703493375087667
317727341,0.00028703493375087667
1855871,0.00040894646043507547
14294701,0.00015112519281967
605027292,0.00027303671950386886
1095972841,0.00039386571070252317
3988215194,0.00015112519281967
1620225060,0.00039386571070252317
354801923,0.00015112519281967
950072183031771136,0.00015112519281967
44217911,0.00028703493375087667
1002193231,0.00015112519281967
1379105228,0.00028703493375087667
224379103,0.00027303671950386886
16387111,0.00028703493375087667
370597692,0.00015112519281967
951844723,0.00015112519281967
984135577208373249,0.00028703493375087667
3482836634,0.00028703493375087667
461578921,0.00039386571070252317
49976458,0.00027303671950386886
19811190,0.00027303671950386886
2572511777,0.00015112519281967
4053818032,0.00019563214713820104
802182440,0.00028703493375087667
262236415,0.000560284191705253
452909538,0.0002109954157293738
15468474,0.0002109954157293738
948483885209477121,0.00015112519281967
39618125,0.00015112519281967
1297170244658552838,0.00015112519281967
2685989162,0.00015112519281967
32246103,0.00015112519281967
147299961,0.00015112519281967
195525587,0.00028703493375087667
3761306416,0.00025550237004790487
40389352,0.00034690515666058045
1168865024674357248,0.00028703493375087667
2859068332,0.00027303671950386886
1557796237,0.00015112519281967
8762122,0.00039386571070252317
293483941,0.00045373593361222695
20640711,0.00028703493375087667
1553685114,0.00015112519281967
1189744336415723520,0.0003914121109791115
1267637312,0.00015112519281967
2455929786,0.00027303671950386886
312131328,0.00015112519281967
40903402,0.00015112519281967
41974909,0.00028703493375087667
1728795440,0.00027303671950386886
29866761,0.00019563214713820104
20621579,0.00028703493375087667
14162048,0.0002109954157293738
43652382,0.00028703493375087667
3051698888,0.00015112519281967
2236856634,0.00027303671950386886
257618993,0.00040894646043507547
1972411447,0.00015112519281967
827392886,0.00015112519281967
20225119,0.00015112519281967
6015842,0.00015112519281967
470416893,0.00015112519281967
735447938214678529,0.00028703493375087667
1171878193114025987,0.00015112519281967
4025609913,0.00015112519281967
93781753,0.0003914121109791115
838601156737654784,0.00028703493375087667
44106240,0.00028703493375087667
157238371,0.00015112519281967
164233384,0.00027303671950386886
19380829,0.0002109954157293738
150346051,0.00039386571070252317
16044272,0.00027303671950386886
555461978,0.00039386571070252317
45794386,0.00028703493375087667
3892710581,0.00028703493375087667
29716049,0.00039386571070252317
116897811,0.00028703493375087667
814980524200566784,0.00028703493375087667
2178067878,0.00033290694241357264
735809541456027648,0.00019563214713820104
1014974716359081988,0.00015112519281967
12160482,0.00015112519281967
2249121151,0.00027303671950386886
175529610,0.00039386571070252317
36347948,0.00015112519281967
427431943,0.00034690515666058045
2522143308,0.00015112519281967
409890910,0.00028703493375087667
220378862,0.00015112519281967
483172916,0.00039386571070252317
14947339,0.00015112519281967
1002096110,0.00027303671950386886
237670274,0.00019563214713820104
112882940,0.00027303671950386886
2190723061,0.00015112519281967
265509561,0.0002109954157293738
338989477,0.0003914121109791115
4042462396,0.00027303671950386886
3916694415,0.00034690515666058045
1251108504653361152,0.00015112519281967
1909219404,0.00028703493375087667
104633187,0.00015112519281967
312121622,0.00028703493375087667
1183933523129970689,0.00028703493375087667
175011974,0.0002109954157293738
1080724857552199682,0.00015112519281967
2166763549,0.00015112519281967
18417153,0.0005133236376633103
343998886,0.00039386571070252317
429259920,0.00028703493375087667
136756365,0.00028703493375087667
2607919231,0.00015112519281967
409166947,0.00015112519281967
1401748656,0.00039386571070252317
824668943285702661,0.00015112519281967
153506820,0.00015112519281967
114146587,0.0002109954157293738
803909558431313920,0.00015112519281967
146116918,0.00015112519281967
240867778,0.00028703493375087667
3235806942,0.00028703493375087667
241167877,0.00028703493375087667
2252260178,0.00015112519281967
2645602164,0.00025550237004790487
1189525564715089920,0.00027303671950386886
99023044,0.00028703493375087667
1120424520773505028,0.00015112519281967
47978543,0.00028703493375087667
31311757,0.00019563214713820104
18855622,0.00028703493375087667
884047713372975104,0.00015112519281967
4196200462,0.00015112519281967
762501458,0.00027303671950386886
476514758,0.00039386571070252317
50956443,0.00039386571070252317
722155990662123520,0.00027303671950386886
1076178992036790272,0.00027303671950386886
57047586,0.00019563214713820104
2209003450,0.00015112519281967
234070123,0.00039386571070252317
1690763647,0.00015112519281967
870362407,0.00025550237004790487
911297187664949248,0.00028703493375087667
312783905,0.00015112519281967
38140504,0.00028703493375087667
123093566,0.00027303671950386886
73909361,0.00039386571070252317
2568478126,0.00015112519281967
122424832,0.00015112519281967
3150832239,0.00027303671950386886
2608840453,0.00028703493375087667
15166546,0.00028703493375087667
4831430475,0.00015112519281967
33677856,0.00015112519281967
2785709353,0.00039386571070252317
430570985,0.00028703493375087667
890413838578966528,0.00015112519281967
717756832240902144,0.00015112519281967
1156797119149121541,0.00019563214713820104
330917707,0.00015112519281967
1038834447540531202,0.00028703493375087667
3367685915,0.00027303671950386886
2812873512,0.00027303671950386886
333597222,0.0005133236376633103
4829277184,0.00015112519281967
16946380,0.00028703493375087667
8260242,0.00015112519281967
2188930908,0.00028703493375087667
271370579,0.00028703493375087667
115763683,0.0005133236376633103
330151669,0.00027303671950386886
50257296,0.00028703493375087667
229601276,0.0003914121109791115
720750427147341824,0.00015112519281967
414130557,0.00015112519281967
3035211041,0.00015112519281967
800707492346925056,0.00027303671950386886
400831970,0.00015112519281967
423567471,0.00015112519281967
38190507,0.00039386571070252317
72781449,0.00028703493375087667
740216334,0.00027303671950386886
7170002,0.00015112519281967
126718539,0.00028703493375087667
20167623,0.00028703493375087667
822183485523841025,0.00019563214713820104
220139885,0.00034690515666058045
822405576504344576,0.00015112519281967
2343425496,0.00015112519281967
1077863989202247681,0.00015112519281967
980046830,0.00028703493375087667
364593753,0.00028703493375087667
823957466,0.00028703493375087667
964589615230337024,0.00028703493375087667
1578022897,0.00039386571070252317
466894113,0.0002109954157293738
36588310,0.00027303671950386886
14065835,0.00040894646043507547
849902720827875330,0.00028703493375087667
591797093,0.00028703493375087667
976373610,0.00028703493375087667
4202417063,0.00015112519281967
381187236,0.00019563214713820104
64245814,0.00027303671950386886
207450631,0.00019563214713820104
751506263792582656,0.00034690515666058045
813286,0.0003175436738223999
69870134,0.0003175436738223999
109399833,0.00015112519281967
16948477,0.00028703493375087667
377571301,0.00039386571070252317
3165380261,0.00015112519281967
950377242483343360,0.00015112519281967
1074540169,0.00027303671950386886
2186834214,0.00015112519281967
713164296604090368,0.00028703493375087667
37139722,0.00015112519281967
197623145,0.00015112519281967
706431707885477888,0.00015112519281967
2641476606,0.00027303671950386886
206743057,0.00040894646043507547
2986013849,0.00028703493375087667
181720081,0.00028703493375087667
228313429,0.00027303671950386886
61449317,0.00028703493375087667
14183423,0.00015112519281967
3442793834,0.00027303671950386886
579842788,0.00039386571070252317
2918846960,0.00027303671950386886
406260699,0.00015112519281967
190821474,0.00028703493375087667
51215183,0.00028703493375087667
2758095800,0.00015112519281967
1708743114,0.00015112519281967
14199378,0.00019563214713820104
2147987488,0.00039386571070252317
311404595,0.00015112519281967
216744325,0.00039386571070252317
114870386,0.00019563214713820104
302013973,0.00027303671950386886
4652730673,0.00028703493375087667
18932422,0.02329816368801684
740410382,0.00015112519281967
272065025,0.00028703493375087667
1354848524,0.00027303671950386886
39112661,0.00015112519281967
230815459,0.00019563214713820104
342137485,0.00015112519281967
96127287,0.00039386571070252317
877108837475655680,0.00015112519281967
207534677,0.00027303671950386886
13360372,0.00015112519281967
1598324696,0.00040894646043507547
63801028,0.0002109954157293738
182486010,0.00039386571070252317
765548,0.00040894646043507547
158297618,0.00015112519281967
311340284,0.00027303671950386886
850107536,0.0002109954157293738
3033312071,0.00015112519281967
539296619,0.00027303671950386886
622716896,0.00015112519281967
63935826,0.00015112519281967
1107254048896548864,0.00015112519281967
2867784412,0.00028703493375087667
78577226,0.00039386571070252317
500950174,0.0002109954157293738
111046352,0.0002109954157293738
153764165,0.0002109954157293738
17743823,0.00034690515666058045
398500188,0.00027303671950386886
15421904,0.0002109954157293738
38048603,0.00015112519281967
156322219,0.00015112519281967
586366163,0.00039386571070252317
2924669003,0.00027303671950386886
616572834,0.00039386571070252317
2847332414,0.00015112519281967
17554109,0.0002109954157293738
14166306,0.00027303671950386886
174991185,0.00039386571070252317
2221607978,0.00027303671950386886
1033944831918104576,0.00015112519281967
2814432614,0.00027303671950386886
71306406,0.00028703493375087667
1609328383,0.00015112519281967
220145170,0.00028703493375087667
2579832252,0.00015112519281967
2336440088,0.0003315418880694077
3025618094,0.00015112519281967
977250301,0.00015112519281967
36659063,0.00028703493375087667
19677123,0.00027303671950386886
54580934,0.00028703493375087667
1193486898,0.00039386571070252317
62952214,0.00015112519281967
939946139029090304,0.00027303671950386886
269930404,0.00015112519281967
361719507,0.00015112519281967
1205609058,0.00027303671950386886
449616976,0.00015112519281967
138840988,0.00040894646043507547
95745203,0.00015112519281967
2213823000,0.00015112519281967
452570555,0.00039386571070252317
923649456981135367,0.00034690515666058045
533315563,0.00039386571070252317
337745478,0.00015112519281967
1099250750155354114,0.00015112519281967
224466293,0.00039386571070252317
45123871,0.00028703493375087667
3943475233,0.00015112519281967
22960511,0.0002109954157293738
16514335,0.00028703493375087667
50374439,0.00027303671950386886
3248357604,0.00028703493375087667
840618056678293504,0.00027303671950386886
903217429555359744,0.00015112519281967
176870844,0.00015112519281967
1064203950717583360,0.00015112519281967
406869976,0.00039386571070252317
2924886188,0.0002109954157293738
702309206,0.00028703493375087667
17018894,0.00028703493375087667
2615258306,0.00028703493375087667
857570979022876672,0.00039386571070252317
117712651,0.00027303671950386886
24897144,0.00028703493375087667
1081241209622822913,0.00028703493375087667
2239194271,0.00028703493375087667
891186338,0.00015112519281967
47456957,0.00028703493375087667
2908007650,0.00027303671950386886
86754006,0.00028703493375087667
1107588341124337666,0.00015112519281967
1145584490594443264,0.00027303671950386886
5894962,0.00015112519281967
91168371,0.00046881668334477925
27007409,0.00015112519281967
12044602,0.00027303671950386886
112099606,0.00015112519281967
271310204,0.00039386571070252317
1232460508160094209,0.00015112519281967
2309104237,0.00015112519281967
40576466,0.0005133236376633103
115180931,0.00039386571070252317
5869132,0.00015112519281967
43641631,0.00015112519281967
285332715,0.00015112519281967
20499721,0.00046881668334477925
567360618,0.0002109954157293738
33838201,0.0005133236376633103
2155233830,0.00034690515666058045
940445534556364800,0.00040894646043507547
11669522,0.00028703493375087667
28316908,0.00015112519281967
20304025,0.00027303671950386886
3037264899,0.00015112519281967
221620566,0.00027303671950386886
3081160595,0.00015112519281967
2183611873,0.00028703493375087667
195719387,0.00015112519281967
17707080,0.00046881668334477925
984208484328763395,0.00028703493375087667
307912317,0.00027303671950386886
326912209,0.0002109954157293738
18464317,0.00028703493375087667
14048484,0.00040894646043507547
2348513340,0.0002109954157293738
506166021,0.00039386571070252317
15336340,0.00027303671950386886
127489643,0.0002109954157293738
880523990883848192,0.00028703493375087667
41216797,0.00027303671950386886
1187585868493537280,0.0003315418880694077
93655722,0.00040894646043507547
1187226845155999749,0.00015112519281967
16318928,0.00027303671950386886
15657398,0.00015112519281967
2893424886,0.00015112519281967
359622624,0.00027303671950386886
626282563,0.00028703493375087667
1053724531,0.00019563214713820104
984275749824638976,0.00028703493375087667
2273201773,0.0005133236376633103
2877993331,0.00027303671950386886
44871098,0.00015112519281967
2245759994,0.00028703493375087667
3145021135,0.00015112519281967
2226776658,0.00034690515666058045
39048846,0.0002109954157293738
313207740,0.00028703493375087667
2189994866,0.00015112519281967
82573938,0.00028703493375087667
1256240551118200835,0.00028703493375087667
1023655925742268426,0.00015112519281967
3292784453,0.00015112519281967
2214711331,0.00015112519281967
17955611,0.00015112519281967
1376401838,0.00027303671950386886
37105355,0.00015112519281967
953752657,0.00028703493375087667
3865043177,0.00028703493375087667
2512218333,0.00015112519281967
151490538,0.00015112519281967
14341416,0.00027303671950386886
25213966,0.00027303671950386886
617400195,0.00015112519281967
2851178794,0.00028703493375087667
2341772972,0.00028703493375087667
16362818,0.00039386571070252317
49043059,0.00015112519281967
16611773,0.00015112519281967
826837132325027841,0.00015112519281967
4485809179,0.00015112519281967
43961874,0.00015112519281967
14254846,0.00027303671950386886
14359747,0.00015112519281967
22289618,0.00015112519281967
17922590,0.00039386571070252317
487736815,0.00019563214713820104
3257676018,0.00015112519281967
758771866500816896,0.00028703493375087667
434835815,0.00015112519281967
787735106546827265,0.00015112519281967
966024156574662656,0.00015112519281967
3243155048,0.00015112519281967
887159288,0.00034690515666058045
1211825303388995584,0.00015112519281967
242868086,0.00046881668334477925
140956562,0.00027303671950386886
780788089966829568,0.00015112519281967
11235202,0.00015112519281967
3236533841,0.0002109954157293738
2577967370,0.00027303671950386886
33505544,0.00015112519281967
832361946154401792,0.00015112519281967
50095170,0.00027303671950386886
66369383,0.0002109954157293738
709476815090413568,0.00015112519281967
63735508,0.00027303671950386886
32193354,0.00034690515666058045
434236851,0.00027303671950386886
279084731,0.00028703493375087667
3201975988,0.00015112519281967
775449094739197953,0.00027303671950386886
36927290,0.00015112519281967
29639366,0.00015112519281967
103546343,0.00040894646043507547
103989154,0.00040894646043507547
270044784,0.00019563214713820104
561218882,0.0002109954157293738
29959702,0.00028703493375087667
251614179,0.0002109954157293738
2969887354,0.00015112519281967
909404434723213312,0.00028703493375087667
4928034543,0.00015112519281967
2097571,0.00019563214713820104
869188290183917568,0.00015112519281967
70478255,0.00040894646043507547
1116622891,0.00015112519281967
1883425892,0.00027303671950386886
361288906,0.00015112519281967
940901351759994880,0.00028703493375087667
1284129738,0.00015112519281967
439572655,0.00027303671950386886
17118060,0.00028703493375087667
111801456,0.00027303671950386886
263044687,0.00027303671950386886
2636910597,0.00015112519281967
833967951447486465,0.00028703493375087667
896036165350019073,0.00015112519281967
3279064394,0.00015112519281967
2438493248,0.0002109954157293738
5108051,0.00028703493375087667
934087003,0.00028703493375087667
4484681,0.00027303671950386886
862356144748204032,0.0003914121109791115
41828876,0.00028703493375087667
1527607790,0.00025550237004790487
68784803,0.00027303671950386886
4228354103,0.00028703493375087667
113339417,0.00015112519281967
1197369638,0.00027303671950386886
346400805,0.00028703493375087667
623111545,0.00039386571070252317
249255635,0.00027303671950386886
15750573,0.06066006612167978
824886467721703425,0.00015112519281967
24932781,0.00015112519281967
748176824,0.00015112519281967
281950081,0.00027303671950386886
829881163472916481,0.00028703493375087667
540259669,0.00039386571070252317
284099686,0.00028703493375087667
392248167,0.00015112519281967
562439654,0.00019563214713820104
197608061,0.00015112519281967
3077144869,0.00028703493375087667
1114432920121376768,0.00015112519281967
7170942,0.00028703493375087667
12353582,0.00019563214713820104
248916795,0.00039386571070252317
135801478,0.00028703493375087667
159240329,0.00015112519281967
213248607,0.00028703493375087667
1708488139,0.00028703493375087667
16423883,0.00028703493375087667
1728885823,0.00015112519281967
21192987,0.00040894646043507547
95196023,0.00037741389673210367
2859456143,0.00028703493375087667
915167646240325632,0.00015112519281967
50393960,0.0003175436738223999
1365711606,0.00027303671950386886
944810996,0.00027303671950386886
1168762828607508480,0.00015112519281967
295344317,0.00028703493375087667
938473643373481985,0.00027303671950386886
31422403,0.00039386571070252317
2301908191,0.00015112519281967
250059685,0.00028703493375087667
755953153,0.00019563214713820104
360783415,0.00015112519281967
12243,0.00015112519281967
2280952807,0.00028703493375087667
53340169,0.00015112519281967
3314775459,0.00027303671950386886
572279177,0.00027303671950386886
188233241,0.00039386571070252317
17730501,0.00028703493375087667
858519894,0.00015112519281967
279903146,0.00015112519281967
140093780,0.00034690515666058045
848687484,0.00015112519281967
6979832,0.00015112519281967
17455229,0.00027303671950386886
16689804,0.0002109954157293738
1296322367053082624,0.00015112519281967
1090911182591086592,0.00028703493375087667
174959656,0.00027303671950386886
1344951,0.0003175436738223999
1253984770083692544,0.00028703493375087667
3697013177,0.00019563214713820104
27897414,0.00015112519281967
308843719,0.00015112519281967
271243941,0.0005133236376633103
203866616,0.00039386571070252317
3107101390,0.0005133236376633103
1094001009188397057,0.00015112519281967
288823245,0.00015112519281967
211457876,0.00028703493375087667
136088911,0.00015112519281967
456673160,0.00039386571070252317
16925097,0.00015112519281967
107751300,0.00015112519281967
354847710,0.00045373593361222695
59217922,0.0004534534147536065
21457289,0.0003914121109791115
1124623431377543169,0.00015112519281967
62513246,0.00019563214713820104
1306824555420213249,0.00028703493375087667
82364810,0.00015112519281967
257544772,0.00028703493375087667
36094947,0.00039386571070252317
317169230,0.00028703493375087667
3415864408,0.0003914121109791115
13568892,0.00034690515666058045
82774113,0.00034690515666058045
403274895,0.0003175436738223999
104211492,0.00028703493375087667
132646210,0.13399192184708505
577430083,0.00039386571070252317
308799838,0.00015112519281967
131111665,0.00015112519281967
829115622,0.00028703493375087667
35749835,0.00015112519281967
104435358,0.00028703493375087667
200466843,0.00028703493375087667
18318677,0.00028703493375087667
17076764,0.0002109954157293738
529771925,0.00027303671950386886
824249522389970944,0.00015112519281967
11010332,0.00027303671950386886
108441778,0.00015112519281967
494181406,0.00015112519281967
469115517,0.00015112519281967
900040284616114176,0.00028703493375087667
16136933,0.00040894646043507547
1934192923,0.00039386571070252317
3353136183,0.00015112519281967
1725341478,0.00039386571070252317
343928585,0.00027303671950386886
47602120,0.00034690515666058045
773146218,0.0002109954157293738
321908821,0.00027303671950386886
5921452,0.00027303671950386886
225110274,0.00027303671950386886
69218199,0.00015112519281967
12151932,0.00027303671950386886
1035807940719112192,0.00015112519281967
460544873,0.0002109954157293738
709402060547092481,0.00015112519281967
384127183,0.0004688166833447793
3225904081,0.00028703493375087667
422016668,0.00028703493375087667
744114034660773888,0.00015112519281967
2317814702,0.00027303671950386886
115512512,0.00039386571070252317
1141316975324536832,0.00015112519281967
19203768,0.00027303671950386886
4898086443,0.00015112519281967
804683646,0.00028703493375087667
705427898749079552,0.00039386571070252317
103761767,0.00028703493375087667
1252063705,0.00027303671950386886
245345590,0.00028703493375087667
728354894,0.00015112519281967
848799224854609920,0.00028703493375087667
544360896,0.00039386571070252317
7415172,0.00015112519281967
930340722,0.0002109954157293738
16279554,0.00015112519281967
24989839,0.00028703493375087667
17305888,0.00028703493375087667
918798040282091520,0.00015112519281967
184817606,0.00015112519281967
2903217440,0.00015112519281967
3577056016,0.00015112519281967
105925630,0.00028703493375087667
22072608,0.0002109954157293738
3075691,0.00027303671950386886
2659265263,0.00019563214713820104
66815732,0.00039386571070252317
204387286,0.00039386571070252317
41572443,0.00027303671950386886
147949965,0.00034690515666058045
21308312,0.00034690515666058045
22826489,0.00027303671950386886
91333167,0.0002109954157293738
17268402,0.00028703493375087667
121881387,0.00027303671950386886
34642043,0.00028703493375087667
128213903,0.00039386571070252317
146159328,0.0002109954157293738
8034682,0.00027303671950386886
533584357,0.00028703493375087667
17580853,0.00040894646043507547
2910644884,0.0003175436738223999
174083824,0.00028703493375087667
784083274805248000,0.00028703493375087667
54163837,0.00028703493375087667
393956778,0.00034690515666058045
52206988,0.00027303671950386886
101013918,0.00015112519281967
234017215,0.00028703493375087667
43926213,0.00015112519281967
785618379201654784,0.00028703493375087667
87985586,0.00028703493375087667
114782375,0.00015112519281967
281079339,0.00028703493375087667
179571184,0.00015112519281967
68084193,0.00028703493375087667
83566575,0.00015112519281967
2797567802,0.00028703493375087667
20605844,0.00015112519281967
14667411,0.00028703493375087667
9430302,0.00034690515666058045
3226059106,0.00039386571070252317
514189512,0.00015112519281967
184125091,0.00015112519281967
59414975,0.00039386571070252317
867297019160707072,0.00027303671950386886
3038714572,0.00015112519281967
274134534,0.00015112519281967
856955544845811712,0.00015112519281967
628623778,0.00015112519281967
3549187454,0.00028703493375087667
1167604898,0.00028703493375087667
2310416978,0.00015112519281967
28776166,0.0002109954157293738
359831209,0.00027303671950386886
253046215,0.00039386571070252317
822659,0.00028703493375087667
806101991109890048,0.00015112519281967
722242009,0.00027303671950386886
2461022395,0.00015112519281967
73705954,0.00015112519281967
385339360,0.00039386571070252317
14103970,0.00015112519281967
1376639125,0.00015112519281967
386908329,0.00015112519281967
1617314359,0.00028703493375087667
22585506,0.00028703493375087667
467551928,0.00040894646043507547
312809493,0.00015112519281967
33168385,0.00015112519281967
16319797,0.00028703493375087667
1231314888,0.00015112519281967
487786548,0.00015112519281967
831114368435748864,0.00019563214713820104
158789494,0.00028703493375087667
998681467696885761,0.00028703493375087667
46342393,0.00027303671950386886
989428140433866752,0.00028703493375087667
231722071,0.00015112519281967
181348220,0.00015112519281967
88727377,0.0004688166833447793
925220088,0.00015112519281967
579133028,0.00015112519281967
619585396,0.00028703493375087667
843009630812995584,0.00015112519281967
1052291485901697024,0.00028703493375087667
90109488,0.00028703493375087667
1228678952,0.00015112519281967
760799156256382976,0.00015112519281967
1040575154424893441,0.00015112519281967
1077734311799984128,0.00015112519281967
2460368252,0.0003175436738223999
45389867,0.0002109954157293738
784824594,0.00028703493375087667
17773969,0.0004688166833447793
65468350,0.00015112519281967
1636590253,0.00019563214713820104
2462926410,0.00028703493375087667
2735046987,0.00015112519281967
1409748306,0.00015112519281967
1070352023449669632,0.00015112519281967
68701660,0.00028703493375087667
828683626372009985,0.00015112519281967
139377848,0.00028703493375087667
1412036527,0.00028703493375087667
2527017636,0.00015112519281967
989251872107085824,0.00027303671950386886
4893681,0.00028703493375087667
1149491203,0.00034690515666058045
756380725859975168,0.00015112519281967
72386774,0.00028703493375087667
24888653,0.00015112519281967
832267168276475904,0.00028703493375087667
41098784,0.0002109954157293738
25860326,0.00015112519281967
874632132353826816,0.00028703493375087667
3095317209,0.0002109954157293738
60832858,0.00028703493375087667
874530424575336449,0.00015112519281967
301939006,0.00027303671950386886
2587811778,0.00015112519281967
122408887,0.00015112519281967
3319270312,0.00015112519281967
420316063,0.00015112519281967
13920962,0.00027303671950386886
119459238,0.00015112519281967
945020688,0.00039386571070252317
33105342,0.00015112519281967
1579422614,0.00019563214713820104
56741675,0.00028703493375087667
887535601,0.00028703493375087667
544875915,0.00015112519281967
39721490,0.00015112519281967
719967950527205376,0.00015112519281967
72018889,0.00039386571070252317
778856886,0.0005297754516337298
1264027207447371776,0.00028703493375087667
783214,0.0003315418880694077
3099020035,0.0002109954157293738
1016764586228412421,0.00015112519281967
84854764,0.00015112519281967
123846556,0.00034690515666058045
21573326,0.00028703493375087667
984769730983682048,0.0002109954157293738
636089336,0.00015112519281967
1121364987178618880,0.0003315418880694077
887207711590559745,0.00028703493375087667
53645823,0.00028703493375087667
117539435,0.00027303671950386886
12031032,0.00028703493375087667
58160853,0.00019563214713820104
231845623,0.00015112519281967
47567281,0.00015112519281967
80446199,0.00028703493375087667
717768811005526016,0.00019563214713820104
1019673422,0.00015112519281967
801059640951836672,0.00028703493375087667
539946626,0.00028703493375087667
376725527,0.00028703493375087667
201854523,0.00015112519281967
849729477533892612,0.00015112519281967
4793796869,0.00028703493375087667
707112185076391936,0.00015112519281967
97880420,0.00034690515666058045
748525684578914304,0.00015112519281967
294119630,0.00039386571070252317
115718271,0.00015112519281967
3243283713,0.00027303671950386886
773280684173463552,0.00027303671950386886
93618186,0.00039386571070252317
1190461842922995712,0.00027303671950386886
2869101210,0.00040894646043507547
21003382,0.00034690515666058045
2575124365,0.00028703493375087667
85648537,0.00025550237004790487
595544862,0.00027303671950386886
482995387,0.00039386571070252317
307755344,0.00027303671950386886
441676899,0.00015112519281967
277516046,0.00040894646043507547
15675384,0.00015112519281967
3892691301,0.00015112519281967
781332157,0.0003175436738223999
178976408,0.00028703493375087667
350152586,0.00015112519281967
11892372,0.0005133236376633104
36417099,0.0004688166833447793
316386106,0.00039386571070252317
1004448369140551682,0.00027303671950386886
15739506,0.00027303671950386886
808593541840719872,0.00015112519281967
84508784,0.00028703493375087667
24160034,0.00039386571070252317
34743251,0.0002109954157293738
85700509,0.00015112519281967
2208838112,0.00019563214713820104
125483940,0.0003914121109791115
911514942335012864,0.00015112519281967
54541583,0.00015112519281967
106418930,0.00028703493375087667
1140163756267192321,0.00015112519281967
1019221160742014976,0.00040894646043507547
65587580,0.00015112519281967
27366114,0.00015112519281967
117483950,0.0003175436738223999
361115646,0.00028703493375087667
4694535756,0.00015112519281967
199175962,0.00015112519281967
469405173,0.00027303671950386886
702932794947694592,0.00027303671950386886
144779689,0.0002109954157293738
75071601,0.00015112519281967
98966111,0.00028703493375087667
1108108225,0.00015112519281967
15637569,0.00015112519281967
1184821524534059008,0.00040894646043507547
8943,0.00039386571070252317
19073790,0.00027303671950386886
920563781616496641,0.00015112519281967
193640022,0.00015112519281967
752743856941125632,0.00039386571070252317
469119337,0.0002109954157293738
2523642978,0.00027303671950386886
1497795582,0.00015112519281967
28401365,0.00027303671950386886
46668733,0.00028703493375087667
6778812,0.0003315418880694077
580335026,0.00015112519281967
214272214,0.00028703493375087667
477554560,0.00019563214713820104
121492869,0.00015112519281967
15090415,0.00027303671950386886
84060395,0.00028703493375087667
10695152,0.00034690515666058045
158342368,0.00028703493375087667
483150865,0.00028703493375087667
2891809527,0.00015112519281967
485140375,0.00039386571070252317
877886035,0.00028703493375087667
16632955,0.00028703493375087667
716947512154853376,0.00015112519281967
130256377,0.00015112519281967
427330274,0.00015112519281967
18728897,0.00027303671950386886
1011316249274540033,0.00028703493375087667
4794104842,0.00027303671950386886
2604894992,0.00028703493375087667
406303880,0.00019563214713820104
271909348,0.00028703493375087667
85813091,0.00015112519281967
606667727,0.00027303671950386886
982276165992935426,0.00015112519281967
709828900,0.00027303671950386886
257111136,0.00028703493375087667
181954043,0.0002109954157293738
789736108896751616,0.00015112519281967
16249403,0.00015112519281967
1028693496,0.00034690515666058045
1304717864,0.0002109954157293738
115091858,0.0004688166833447793
688583,0.00019563214713820104
117662694,0.00019563214713820104
48008938,0.0004534534147536065
11990112,0.00040894646043507547
11348282,0.00019563214713820104
132539757,0.00039386571070252317
26976778,0.00027303671950386886
1408239470,0.00027303671950386886
507185539,0.00028703493375087667
882605036,0.00015112519281967
47319664,0.00027303671950386886
1237393394,0.00034690515666058045
304540433,0.00039386571070252317
2450416195,0.00027303671950386886
334678478,0.00039386571070252317
1102341617371963392,0.00015112519281967
380426226,0.00028703493375087667
2253247064,0.00015112519281967
1037548569467731968,0.00028703493375087667
569203915,0.00015112519281967
290705256,0.00015112519281967
928151539893420032,0.00015112519281967
23999540,0.00015112519281967
1131186925212241920,0.00019563214713820104
3841067114,0.00027303671950386886
237738266,0.0002109954157293738
217377296,0.0004688166833447793
720605133483208705,0.00019563214713820104
618551148,0.00015112519281967
48839631,0.0002109954157293738
48354997,0.00015112519281967
43839644,0.00015112519281967
84404991,0.00028703493375087667
77200220,0.00027303671950386886
391015835,0.00039386571070252317
33113669,0.00028703493375087667
10587552,0.00027303671950386886
788839271239184385,0.00015112519281967
54682074,0.00015112519281967
18869136,0.00015112519281967
220020080,0.00039386571070252317
959849838212014081,0.00015112519281967
3512256616,0.00015112519281967
1617603914,0.00027303671950386886
76679840,0.0003914121109791115
16710690,0.00015112519281967
948669952843595776,0.00015112519281967
2986084527,0.00015112519281967
48649222,0.00040894646043507547
123678691,0.00015112519281967
804701761017671680,0.0003914121109791115
9180262,0.00028703493375087667
1070321898951753728,0.00025550237004790487
1068486102930112514,0.00027303671950386886
872544691442466816,0.00015112519281967
2209729028,0.00015112519281967
3074437553,0.00037741389673210367
107171037,0.0002109954157293738
20003288,0.00027303671950386886
20131383,0.00027303671950386886
3270678680,0.00028703493375087667
1043211642182328320,0.00027303671950386886
124087958,0.00019563214713820104
334170116,0.00039386571070252317
78807415,0.00040894646043507547
1015930135,0.00028703493375087667
325476794,0.00019563214713820104
18202677,0.00027303671950386886
20314655,0.00028703493375087667
28312691,0.00015112519281967
720212700,0.0004688166833447793
830589635738816512,0.0003175436738223999
3318895763,0.00015112519281967
918943909811769344,0.00015112519281967
21782750,0.00015112519281967
2251623492,0.00025550237004790487
725387616,0.00027303671950386886
17076940,0.00034690515666058045
1303571503,0.00027303671950386886
143319983,0.00028703493375087667
479013038,0.00028703493375087667
3775401076,0.00028703493375087667
1094048100564365312,0.00028703493375087667
3310895591,0.00015112519281967
14417382,0.00028703493375087667
1974656552,0.00015112519281967
4385501957,0.00015112519281967
1369078711,0.00015112519281967
3197088767,0.00015112519281967
696907754275930112,0.00015112519281967
18675332,0.00028703493375087667
40030538,0.0003914121109791115
2176358690,0.00027303671950386886
356775978,0.0004688166833447793
771681197781053440,0.0003914121109791115
484733763,0.00015112519281967
10868922,0.00028703493375087667
46922123,0.00034690515666058045
60884801,0.00015112519281967
579115459,0.00039386571070252317
770233588721868802,0.00015112519281967
1245061044847947777,0.00028703493375087667
14265641,0.00015112519281967
438301250,0.00028703493375087667
4712272236,0.00015112519281967
45675087,0.00028703493375087667
112806109,0.00015112519281967
520133735,0.00015112519281967
1030464891830902784,0.00015112519281967
2968801294,0.00015112519281967
14968475,0.00028703493375087667
50414506,0.00015112519281967
3130548765,0.0002109954157293738
551776311,0.00015112519281967
2272376472,0.00015112519281967
327032058,0.00027303671950386886
3513474256,0.0002109954157293738
13533662,0.00039386571070252317
264501255,0.0004688166833447793
944905694,0.00015112519281967
37048037,0.00015112519281967
2354616571,0.0002109954157293738
9910992,0.0002109954157293738
2803449260,0.00015112519281967
249695469,0.00028703493375087667
2347049341,0.00019563214713820104
14125868,0.00015112519281967
1276832114856656896,0.00015112519281967
14575354,0.00015112519281967
3036851230,0.00015112519281967
33474334,0.0004688166833447793
391867472,0.0004534534147536065
731124359117590528,0.00039386571070252317
59913797,0.00015112519281967
1196193239713353732,0.00015112519281967
1023751696697028608,0.00027303671950386886
194989299,0.00039386571070252317
564663512,0.00015112519281967
838464523,0.00019563214713820104
812055605510803456,0.00015112519281967
163009576,0.00015112519281967
2576448008,0.00015112519281967
589300441,0.00034690515666058045
139811295,0.00033290694241357264
3317585532,0.00015112519281967
408986233,0.00015112519281967
46932973,0.00015112519281967
949642445083459585,0.00015112519281967
372730608,0.00028703493375087667
2854283403,0.00015112519281967
46350079,0.00027303671950386886
3232640646,0.00028703493375087667
4702018489,0.00028703493375087667
1865461842,0.00027303671950386886
1037384052,0.00039386571070252317
99015174,0.00040894646043507547
2769983813,0.0005133236376633104
834609484781723648,0.00027303671950386886
203070657,0.0002109954157293738
2821170946,0.00028703493375087667
451148485,0.00028703493375087667
399089660,0.00028703493375087667
922354202088759296,0.00028703493375087667
261126954,0.00027303671950386886
873162092819488769,0.00015112519281967
1079473267,0.00015112519281967
1004615060,0.00015112519281967
19395637,0.00015112519281967
294652384,0.00028703493375087667
85307840,0.00028703493375087667
3186534415,0.00028703493375087667
1978351027,0.00015112519281967
151303125,0.00034690515666058045
15492359,0.0003914121109791115
65605637,0.00015112519281967
435727485,0.00028703493375087667
46394850,0.00015112519281967
117553058,0.00028703493375087667
2328843320,0.00015112519281967
2798157850,0.00015112519281967
1245923843119575041,0.00028703493375087667
75392682,0.00015112519281967
75585288,0.0002109954157293738
779769,0.00015112519281967
934228950,0.00039386571070252317
1009253378,0.00015112519281967
193309907,0.00034690515666058045
32872183,0.00028703493375087667
273003435,0.00027303671950386886
465693357,0.00015112519281967
803003521,0.00015112519281967
797823007997722624,0.00015112519281967
84560631,0.00028703493375087667
2413882279,0.00019563214713820104
15159648,0.0005133236376633104
2279201814,0.00015112519281967
5894872,0.00027303671950386886
2444133930,0.00015112519281967
736667972123512832,0.00028703493375087667
93957809,0.0002109954157293738
1371476814,0.00015112519281967
852054291049316352,0.00015112519281967
1218287414965350401,0.00015112519281967
3041372326,0.0005133236376633104
561226226,0.00028703493375087667
269301403,0.0003914121109791115
67815277,0.00027303671950386886
1111871,0.00027303671950386886
615595875,0.00027303671950386886
944443345,0.00039386571070252317
202853969,0.00034690515666058045
20536157,0.0003914121109791115
4770618972,0.00015112519281967
17157367,0.0005133236376633104
238024065,0.00028703493375087667
4827366892,0.00015112519281967
204123892,0.00027303671950386886
19859014,0.00015112519281967
45827605,0.00027303671950386886
28245224,0.00027303671950386886
17917382,0.00015112519281967
18115497,0.00015112519281967
172260408,0.0002109954157293738
876083623711174657,0.00015112519281967
188221066,0.00028703493375087667
1217315090,0.00028703493375087667
2382305514,0.0003175436738223999
1962172172,0.00027303671950386886
2385273733,0.00019563214713820104
14339792,0.00028703493375087667
3030560968,0.00039386571070252317
248064213,0.00015112519281967
3988959013,0.00028703493375087667
47987831,0.00015112519281967
1194379349803319298,0.00015112519281967
317158835,0.00015112519281967
849649723,0.0002109954157293738
712614852263542784,0.00015112519281967
850170113504325632,0.00028703493375087667
1357389505,0.00015112519281967
1138704090106646528,0.00027303671950386886
44652450,0.00015112519281967
17712257,0.00027303671950386886
253734620,0.00015112519281967
3356531254,0.00019563214713820104
369085369,0.00015112519281967
2399290873,0.00027303671950386886
16310134,0.00039386571070252317
1643302016,0.00027303671950386886
14761223,0.00034690515666058045
2218900633,0.00040894646043507547
815628453613621248,0.00015112519281967
972984764,0.00015112519281967
606265290,0.00015112519281967
10627282,0.00028703493375087667
977585064,0.00027303671950386886
946591233954033664,0.00015112519281967
1929876336,0.00028703493375087667
406932163,0.00028703493375087667
898161154169679873,0.00015112519281967
112415325,0.00028703493375087667
144947577,0.00028703493375087667
861246336,0.00028703493375087667
1064940934528421888,0.00015112519281967
1932160213,0.00015112519281967
946028606,0.00027303671950386886
1031837755234549760,0.00028703493375087667
1014561,0.00040894646043507547
375820392,0.00039386571070252317
16579738,0.00027303671950386886
118412527,0.00015112519281967
450842550,0.00040894646043507547
793688995918024704,0.00015112519281967
860098587287588864,0.00039386571070252317
859698369765179392,0.00015112519281967
370102769,0.00039386571070252317
709493676121042945,0.00015112519281967
899166691652972544,0.00015112519281967
26329801,0.00015112519281967
774575,0.00027303671950386886
844218954088435712,0.00015112519281967
518957746,0.00015112519281967
1653261366,0.00039386571070252317
4188048952,0.00028703493375087667
272376633,0.00028703493375087667
2199531518,0.00028703493375087667
2378438060,0.00028703493375087667
3102522680,0.00027303671950386886
3565816992,0.00027303671950386886
496430086,0.0002109954157293738
700831074,0.00027303671950386886
53250831,0.00015112519281967
189495871,0.0002109954157293738
30420908,0.00015112519281967
822431809,0.00028703493375087667
14266044,0.0002109954157293738
21133730,0.0004688166833447793
133790890,0.00019563214713820104
36448779,0.0002109954157293738
2328954662,0.00039386571070252317
320568816,0.00028703493375087667
14369971,0.00027303671950386886
252411935,0.00015112519281967
2451712820,0.00028703493375087667
22398002,0.00027303671950386886
47605273,0.00034690515666058045
156204739,0.00028703493375087667
566703294,0.00039386571070252317
544737616,0.0005133236376633104
538326631,0.0002109954157293738
1523858262,0.00015112519281967
346742249,0.00039386571070252317
4707064313,0.00015112519281967
10277212,0.00015112519281967
911963260005552128,0.00015112519281967
517818047,0.00039386571070252317
3395161438,0.0003914121109791115
14614664,0.00028703493375087667
915721853833900032,0.00015112519281967
263247974,0.00015112519281967
1483247714,0.00019563214713820104
126323494,0.00027303671950386886
10383162,0.00027303671950386886
870968012,0.00027303671950386886
4194417913,0.00028703493375087667
919860212,0.00028703493375087667
3053756746,0.00015112519281967
78969930,0.0005133236376633104
87242603,0.00028703493375087667
117079124,0.00019563214713820104
2711212681,0.00027303671950386886
17278474,0.00015112519281967
801372548940398593,0.00015112519281967
8143682,0.0004688166833447793
2995188801,0.00015112519281967
876785354,0.00015112519281967
3902819477,0.00015112519281967
8139122,0.00027303671950386886
2397162947,0.00015112519281967
95267165,0.00015112519281967
2475572071,0.00028703493375087667
138562224,0.00015112519281967
79067151,0.00028703493375087667
961808198,0.00015112519281967
966411199649808386,0.0004534534147536065
18033550,0.00027303671950386886
2882893927,0.00015112519281967
7851812,0.00015112519281967
894723591446687745,0.00015112519281967
1084900963306098689,0.00015112519281967
939091,0.00027303671950386886
2475224005,0.0004688166833447793
2189885600,0.00015112519281967
477030336,0.00027303671950386886
43583452,0.00027303671950386886
13982132,0.00027303671950386886
1319272146963673089,0.00015112519281967
3513346942,0.00015112519281967
183575679,0.00027303671950386886
305431714,0.00028703493375087667
34690221,0.00015112519281967
1301869598481014787,0.00015112519281967
251149608,0.00039386571070252317
49945724,0.00015112519281967
93873778,0.00028703493375087667
13507112,0.00028703493375087667
63859619,0.00027303671950386886
1046614848,0.00015112519281967
1582911193,0.00039386571070252317
464868829,0.00015112519281967
209100025,0.00015112519281967
48235638,0.00028703493375087667
3364147025,0.0002109954157293738
275686563,0.00019563214713820104
2371689380,0.00015112519281967
18874262,0.00028703493375087667
258722513,0.00028703493375087667
135508015,0.00028703493375087667
160741955,0.00028703493375087667
249661913,0.0003914121109791115
1546005282,0.00015112519281967
2880905121,0.0002109954157293738
52869134,0.00028703493375087667
2329817887,0.00028703493375087667
277298681,0.00027303671950386886
2877269332,0.00015112519281967
70422392,0.00015112519281967
85428593,0.00015112519281967
16113777,0.00015112519281967
16549460,0.00040894646043507547
618193431,0.00015112519281967
211916935,0.00027303671950386886
1629889939,0.00039386571070252317
133550954,0.00015112519281967
1195040516318093312,0.0004534534147536065
19659141,0.00027303671950386886
1049203448783278080,0.00015112519281967
22129782,0.00028703493375087667
3034892963,0.00019563214713820104
204718713,0.00028703493375087667
949493208702099456,0.00015112519281967
278359534,0.00028703493375087667
352650313,0.00015112519281967
409922330,0.00015112519281967
15045590,0.00028703493375087667
2895714597,0.00015112519281967
704185699415695360,0.00028703493375087667
250344120,0.00015112519281967
851254609,0.00039386571070252317
277667306,0.00039386571070252317
314430404,0.00039386571070252317
49911968,0.00028703493375087667
108207407,0.00015112519281967
14957053,0.00015112519281967
607311335,0.00028703493375087667
866900373302378503,0.00015112519281967
101264703,0.0002109954157293738
384747822,0.00028703493375087667
3207393315,0.00027303671950386886
824812182114164736,0.00019563214713820104
2962250933,0.00015112519281967
1077633912,0.00028703493375087667
15455450,0.0005133236376633104
403677666,0.00015112519281967
154138518,0.00015112519281967
42399260,0.00028703493375087667
139008774,0.00028703493375087667
2190533245,0.0005133236376633104
30981656,0.00028703493375087667
150732625,0.00039386571070252317
3511430425,0.00019563214713820104
1603439773,0.00019563214713820104
872274950,0.00028703493375087667
582161546,0.00027303671950386886
771036399671705600,0.00015112519281967
828064288417779712,0.00015112519281967
4208606734,0.00015112519281967
23973296,0.00028703493375087667
248135933,0.0002109954157293738
1280838371682779136,0.00015112519281967
2881046435,0.00015112519281967
111258447,0.00027303671950386886
821769650211930112,0.00015112519281967
996170598056263683,0.00028703493375087667
65915718,0.00034690515666058045
16136478,0.00015112519281967
1179011991563915264,0.00015112519281967
18052550,0.00015112519281967
90830802,0.00039386571070252317
49793,0.00040894646043507547
3158689771,0.00027303671950386886
1894231788,0.00028703493375087667
18506971,0.00028703493375087667
17514022,0.00027303671950386886
1477918760,0.00028703493375087667
59900894,0.00027303671950386886
507704346,0.00027303671950386886
2826508686,0.0002109954157293738
1911204626,0.00028703493375087667
119406189,0.00015112519281967
17949156,0.00027303671950386886
223380941,0.00028703493375087667
95013770,0.0002109954157293738
15578992,0.00039386571070252317
17354555,0.00028703493375087667
71905822,0.00027303671950386886
263265080,0.00019563214713820104
3780315496,0.00028703493375087667
322711407,0.00028703493375087667
11017332,0.00027303671950386886
2786141198,0.00015112519281967
16687314,0.00028703493375087667
14757518,0.00027303671950386886
3003392104,0.00019563214713820104
20460664,0.00015112519281967
39889364,0.00015112519281967
373951619,0.00028703493375087667
1109067043,0.00039386571070252317
11595422,0.00028703493375087667
337600744,0.0002109954157293738
4347423515,0.00015112519281967
313348339,0.00028703493375087667
905687730843037696,0.00028703493375087667
2206179206,0.00015112519281967
4398626122,0.00040894646043507547
718108213078568960,0.00043837266502105414
91523851,0.00015112519281967
20058825,0.00027303671950386886
2329921,0.00033290694241357264
1582645148,0.00015112519281967
1169945329053130753,0.00015112519281967
2549047974,0.00027303671950386886
899783769854320640,0.00015112519281967
66322723,0.00028703493375087667
933679231220850688,0.00015112519281967
870764041660190720,0.00015112519281967
19677430,0.0004688166833447793
54817041,0.00028703493375087667
1182908622113660929,0.00028703493375087667
10752242,0.00015112519281967
1175299088,0.00028703493375087667
14895163,0.00027303671950386886
1339637532,0.0005133236376633104
5765972,0.00028703493375087667
2803495736,0.00015112519281967
2827812417,0.00015112519281967
3230093066,0.00028703493375087667
14749606,0.00039386571070252317
15254807,0.00019563214713820104
1617382039,0.00028703493375087667
268262631,0.00028703493375087667
837214523547353089,0.00015112519281967
2165646554,0.0005133236376633104
5893702,0.00019563214713820104
710755931227824128,0.00028703493375087667
188723124,0.00039386571070252317
15002894,0.00027303671950386886
7111232,0.00027303671950386886
772574162,0.00040894646043507547
610026759,0.00028703493375087667
17002009,0.00034690515666058045
801934486023782400,0.00015112519281967
51934480,0.00015112519281967
70266297,0.0002109954157293738
2550133394,0.00034690515666058045
197362628,0.00027303671950386886
3300677471,0.00027303671950386886
45303184,0.00033290694241357264
904174368,0.00039386571070252317
1710656606,0.00027303671950386886
14677919,0.00019563214713820104
1935675295,0.00039386571070252317
2831695553,0.00015112519281967
59208209,0.0002109954157293738
19690273,0.00027303671950386886
9271782,0.00040894646043507547
1907881,0.00028703493375087667
41694589,0.00028703493375087667
563979425,0.00039386571070252317
2895307672,0.00015112519281967
624208322,0.00039386571070252317
348506984,0.00039386571070252317
6107292,0.00015112519281967
78269677,0.0004688166833447793
790342394675888128,0.00015112519281967
829903626,0.00019563214713820104
2520999920,0.00027303671950386886
2411276060,0.00027303671950386886
32338210,0.00039386571070252317
14492532,0.00027303671950386886
27224166,0.00015112519281967
446719282,0.00028703493375087667
260768625,0.0002109954157293738
443602279,0.00015112519281967
3406278903,0.00028703493375087667
910827588,0.00025550237004790487
16739331,0.00015112519281967
180463340,0.00019563214713820104
3510179057,0.00015112519281967
17657107,0.00028703493375087667
36024756,0.00027303671950386886
790451965,0.00028703493375087667
1127358323051749378,0.00028703493375087667
63051202,0.00015112519281967
376297519,0.00039386571070252317
3221752726,0.00015112519281967
412270831,0.00028703493375087667
1265795638551212032,0.0003315418880694077
790899349471498240,0.00028703493375087667
182799181,0.00039386571070252317
2979365176,0.00019563214713820104
132453147,0.00015112519281967
177751401,0.00027303671950386886
2601589496,0.0005133236376633104
131526573,0.00039386571070252317
1195044761322823680,0.00015112519281967
11773812,0.00015112519281967
807251568961744896,0.00015112519281967
39547749,0.00028703493375087667
386277982,0.00040894646043507547
2926864059,0.0002109954157293738
1251073078211178496,0.00015112519281967
199298537,0.00028703493375087667
297091554,0.00028703493375087667
256644046,0.00028703493375087667
59504716,0.0005133236376633104
1898912480,0.00015112519281967
101353399,0.00015112519281967
527454176,0.00039386571070252317
835810382509928450,0.00015112519281967
960887748,0.00039386571070252317
1202308734,0.00015112519281967
27818124,0.00015112519281967
2493328698,0.0002109954157293738
3415205164,0.00027303671950386886
16976496,0.00033290694241357264
485018563,0.00039386571070252317
796368494342316032,0.00015112519281967
398785862,0.00027303671950386886
573918122,0.00019563214713820104
2876226376,0.00015112519281967
19710651,0.00015112519281967
118263124,0.00034690515666058045
1111315973125169152,0.0006961939326364597
508906511,0.00027303671950386886
67383602,0.00015112519281967
47681517,0.00015112519281967
994886035086761984,0.00015112519281967
2842558252,0.00027303671950386886
2653043425,0.00015112519281967
846672306378326016,0.00028703493375087667
743917727820058626,0.00027303671950386886
831393481465556992,0.00015112519281967
344725369,0.0002109954157293738
54959293,0.00015112519281967
904533569749508097,0.00028703493375087667
787338664477134848,0.00015112519281967
2932027868,0.00015112519281967
1081289442671902720,0.00015112519281967
375007888,0.0005133236376633104
80979483,0.00015112519281967
1441673010,0.00027303671950386886
77436536,0.00015112519281967
14285650,0.00015112519281967
4645255754,0.00015112519281967
3092629269,0.00043837266502105414
339654180,0.00027303671950386886
134061959,0.00027303671950386886
146734981,0.00028703493375087667
436038865,0.00015112519281967
44973000,0.0005133236376633104
2388819163,0.00039386571070252317
74419325,0.00027303671950386886
856509174473248768,0.00015112519281967
1017373138500378624,0.00028703493375087667
837051215339008000,0.00015112519281967
1071412460,0.00015112519281967
216919545,0.00028703493375087667
16110508,0.00028703493375087667
43006345,0.00027303671950386886
158659687,0.00027303671950386886
7295362,0.0004688166833447793
256353770,0.00015112519281967
4739335047,0.00015112519281967
246713978,0.00028703493375087667
382158989,0.0005133236376633104
36966461,0.00015112519281967
541117509,0.00027303671950386886
315707871,0.00039386571070252317
492216731,0.00015112519281967
524561395,0.0002109954157293738
273561140,0.0004688166833447793
335829830,0.00027303671950386886
799830497065050112,0.0005133236376633104
5637652,0.00027303671950386886
6459362,0.00015112519281967
1222193343737794560,0.00015112519281967
17581976,0.00015112519281967
17395999,0.00027303671950386886
868437872,0.00015112519281967
936713855878787074,0.00028703493375087667
836189288572325888,0.00027303671950386886
256879792,0.00015112519281967
66722583,0.0004688166833447793
332134740,0.00033290694241357264
804563319457660928,0.00015112519281967
1904734980,0.00015112519281967
33423759,0.00027303671950386886
253587073,0.00015112519281967
1269448278,0.00015112519281967
2427769760,0.00015112519281967
748179418397421568,0.00039386571070252317
1230692054092529664,0.00015112519281967
920382882413244417,0.00027303671950386886
717348489215262724,0.0003914121109791115
755513278625898496,0.00015112519281967
4157611,0.00015112519281967
191723833,0.00028703493375087667
469631198,0.00039386571070252317
776732741098467328,0.00019563214713820104
917738789233217536,0.00034690515666058045
3732176255,0.00040894646043507547
3304471,0.0005133236376633104
490382218,0.00039386571070252317
1490398796,0.00027303671950386886
822367881547550720,0.00015112519281967
84036295,0.00015112519281967
2409117643,0.00015112519281967
154221292,0.00019563214713820104
17465774,0.00015112519281967
76336279,0.00027303671950386886
79721713,0.00015112519281967
2492618120,0.00015112519281967
22026924,0.0004688166833447793
9719522,0.00015112519281967
488417933,0.00027303671950386886
1255799724,0.00015112519281967
260971421,0.00040894646043507547
1212987379692081153,0.00015112519281967
25481069,0.0004688166833447793
126132953,0.00028703493375087667
308226281,0.00015112519281967
758175168,0.00015112519281967
106505501,0.00039386571070252317
2346714074,0.0002109954157293738
2966094221,0.00015112519281967
512191023,0.00015112519281967
68475307,0.00015112519281967
301178769,0.00028703493375087667
308578864,0.00028703493375087667
2289023460,0.00015112519281967
106856453,0.0004688166833447793
509162767,0.00039386571070252317
50269516,0.00028703493375087667
1014471,0.00028703493375087667
17043428,0.00019563214713820104
32856732,0.00015112519281967
877823703249068032,0.00015112519281967
14538236,0.0002109954157293738
342578839,0.00028703493375087667
272623675,0.00028703493375087667
299858686,0.00028703493375087667
190754693,0.00028703493375087667
76966092,0.00027303671950386886
562222972,0.00015112519281967
739854925560156160,0.00028703493375087667
258465487,0.00039386571070252317
3005431923,0.00027303671950386886
112202046,0.00040894646043507547
796877583455555584,0.00015112519281967
969392138076041216,0.00028703493375087667
384759698,0.00015112519281967
4027105402,0.0003315418880694077
45598113,0.00028703493375087667
3081585501,0.00027303671950386886
2271904531,0.00019563214713820104
1284042607,0.00027303671950386886
20384956,0.00039386571070252317
88673826,0.0002109954157293738
76937615,0.00028703493375087667
1442906958,0.00028703493375087667
264132382,0.00027303671950386886
822933216206188544,0.00039386571070252317
139355216,0.00028703493375087667
2714310207,0.00015112519281967
113125584,0.00028703493375087667
348011201,0.00015112519281967
2864356347,0.00027303671950386886
274609987,0.00028703493375087667
172179385,0.00028703493375087667
59780450,0.00027303671950386886
891725802,0.00027303671950386886
1426135280,0.00015112519281967
234058792,0.00028703493375087667
467852343,0.00015112519281967
19341622,0.0003175436738223999
87473622,0.00034690515666058045
268025507,0.00027303671950386886
2916305152,0.00027303671950386886
792460428005605376,0.00028703493375087667
289222668,0.00027303671950386886
167735563,0.00015112519281967
393675585,0.0005133236376633104
18033313,0.00028703493375087667
42614814,0.00015112519281967
342569184,0.0002109954157293738
111373125,0.00028703493375087667
771427581992185856,0.00015112519281967
193935341,0.0003315418880694077
318093688,0.00028703493375087667
1677808003,0.00015112519281967
2373145729,0.00015112519281967
1251232344947613701,0.00015112519281967
15225375,0.00027303671950386886
26607837,0.00027303671950386886
341000847,0.0005133236376633104
3341697257,0.00015112519281967
137394430,0.00015112519281967
3128829965,0.0005133236376633104
158751132,0.00027303671950386886
2730017576,0.00015112519281967
1077070220332740608,0.00015112519281967
395990396,0.00019563214713820104
66821479,0.00015112519281967
82095610,0.00027303671950386886
1108685535088771073,0.00015112519281967
207770279,0.00027303671950386886
281448138,0.00019563214713820104
3298523377,0.00015112519281967
9533042,0.00027303671950386886
93903085,0.00015112519281967
350164545,0.00027303671950386886
1154319646780272641,0.00028703493375087667
20436576,0.00027303671950386886
294599794,0.0002109954157293738
534290225,0.00027303671950386886
247943231,0.00028703493375087667
838930153665363968,0.00015112519281967
2353222800,0.00015112519281967
3083042302,0.00015112519281967
337886919,0.00019563214713820104
15068044,0.00015112519281967
3309394037,0.00015112519281967
2706892358,0.00015112519281967
3018358499,0.00015112519281967
52671862,0.00015112519281967
59273937,0.00039386571070252317
55247494,0.00027303671950386886
1848037524,0.00027303671950386886
1019194066855006208,0.00028703493375087667
817382,0.00027303671950386886
188029486,0.00015112519281967
2288970024,0.00027303671950386886
2251030016,0.00015112519281967
842043337687289856,0.00028703493375087667
157920406,0.00015112519281967
202626872,0.00015112519281967
4890000754,0.00028703493375087667
44196397,0.000560284191705253
28165790,0.00033290694241357264
20644989,0.00028703493375087667
19739240,0.00028703493375087667
4742002531,0.0003175436738223999
2354542969,0.00034690515666058045
106064139,0.0002109954157293738
716643191072628736,0.00015112519281967
3240349167,0.00015112519281967
1241258612,0.00027303671950386886
15581480,0.00028703493375087667
9571292,0.00028703493375087667
29277960,0.00028703493375087667
79764713,0.00015112519281967
14583400,0.00039386571070252317
761153954809913344,0.00015112519281967
1084212657761148928,0.00028703493375087667
436837074,0.00015112519281967
540985738,0.00039386571070252317
22749856,0.00028703493375087667
5734242,0.0004688166833447793
1053292116,0.00028703493375087667
319135326,0.00019563214713820104
267249771,0.0002109954157293738
19626509,0.00028703493375087667
1039052508193284096,0.0003315418880694077
245548093,0.00019563214713820104
3130629970,0.0002109954157293738
4883900442,0.00015112519281967
769823624308092928,0.00015112519281967
265422963,0.00027303671950386886
32942338,0.00034690515666058045
49287656,0.00028703493375087667
1166366776625467393,0.00015112519281967
139507464,0.00015112519281967
2196922086,0.00019563214713820104
259403751,0.0002109954157293738
436122215,0.00015112519281967
2898184305,0.00019563214713820104
383365753,0.00015112519281967
78269397,0.00040894646043507547
2190753169,0.00015112519281967
126352685,0.0002109954157293738
16868154,0.0005133236376633104
15192127,0.00027303671950386886
1106015165969924096,0.00027303671950386886
972494379754688518,0.00015112519281967
206292087,0.00028703493375087667
2575365842,0.00028703493375087667
1770311,0.00028703493375087667
377344523,0.00039386571070252317
479798490,0.00039386571070252317
129746032,0.00027303671950386886
23666107,0.00027303671950386886
1320653768346816512,0.00015112519281967
15247794,0.0002109954157293738
737882640,0.00015112519281967
2422189058,0.00034690515666058045
398537509,0.00039386571070252317
739565869433524225,0.00015112519281967
458399248,0.00019563214713820104
831503418376146946,0.00027303671950386886
3007913925,0.00015112519281967
3107826244,0.00033290694241357264
940441783,0.00015112519281967
226298062,0.00015112519281967
838701223113068544,0.00015112519281967
358026989,0.00039386571070252317
2988561009,0.0002109954157293738
551653007,0.00039386571070252317
131498466,0.00028703493375087667
1162690737516863494,0.00015112519281967
15376357,0.00027303671950386886
14697496,0.00040894646043507547
17015268,0.00027303671950386886
725639768663576576,0.00028703493375087667
81875677,0.00028703493375087667
616564407,0.00039386571070252317
854719703545253888,0.00015112519281967
145637517,0.00027303671950386886
197313522,0.00028703493375087667
2987533553,0.00015112519281967
18059898,0.00034690515666058045
700064764,0.00039386571070252317
2981463028,0.00015112519281967
1153956919,0.00015112519281967
9632312,0.00040894646043507547
852083180182147072,0.00027303671950386886
833597084167122945,0.00015112519281967
39781270,0.00015112519281967
52352322,0.00039386571070252317
369440364,0.0002109954157293738
303048766,0.00028703493375087667
2676313880,0.0003175436738223999
2424287186,0.00019563214713820104
495430242,0.00034690515666058045
12486432,0.00015112519281967
19081001,0.00039386571070252317
778982023415291904,0.00015112519281967
10759032,0.00034690515666058045
4854858064,0.00015112519281967
2538081673,0.00015112519281967
3234931837,0.00027303671950386886
1669374084,0.00015112519281967
920700510306529280,0.0003315418880694077
248721193,0.00015112519281967
20747847,0.00039386571070252317
2717694091,0.00027303671950386886
219293337,0.00015112519281967
246318475,0.00039386571070252317
159421391,0.00015112519281967
1289974182755762176,0.00015112519281967
762093631,0.0004534534147536065
20926161,0.00028703493375087667
15573348,0.00027303671950386886
26549850,0.00015112519281967
887627169765130241,0.00015112519281967
116655482,0.00027303671950386886
431192409,0.00015112519281967
743340014214352896,0.00028703493375087667
1144823372158767104,0.00015112519281967
14616323,0.00015112519281967
481094172,0.0002109954157293738
533149076,0.0002109954157293738
1086604922,0.0004688166833447793
908589103737950208,0.00015112519281967
623575404,0.00015112519281967
467004982,0.00027303671950386886
848152044137574401,0.00015112519281967
53079180,0.00027303671950386886
216939636,0.0005133236376633104
898565245484105732,0.00028703493375087667
49438224,0.00027303671950386886
2315608478,0.00015112519281967
791230655367700480,0.00039386571070252317
190006526,0.00028703493375087667
388144129,0.00028703493375087667
743856512,0.00027303671950386886
1062729727,0.00028703493375087667
114485232,0.0004688166833447793
4901700861,0.00027303671950386886
3147145875,0.00027303671950386886
831290691712004096,0.00028703493375087667
34999723,0.00015112519281967
87818409,0.00019563214713820104
742643587108605952,0.00015112519281967
4329329968,0.00027303671950386886
2240528131,0.00027303671950386886
1850752598,0.0002109954157293738
916364161415892992,0.00027303671950386886
73147282,0.00019563214713820104
1111730640762875907,0.00040894646043507547
96962998,0.00028703493375087667
382393,0.00028703493375087667
36515907,0.00028703493375087667
2515540081,0.0002109954157293738
701026341500690432,0.00015112519281967
14451127,0.0005133236376633104
199597043,0.00015112519281967
4083688114,0.00028703493375087667
4353971122,0.00027303671950386886
22994885,0.00028703493375087667
1074807847,0.00039386571070252317
604779041,0.00015112519281967
778607,0.00027303671950386886
1143038206335737856,0.00028703493375087667
73509664,0.00015112519281967
2839825685,0.00028703493375087667
568542838,0.00027303671950386886
4663308149,0.00015112519281967
240316759,0.00015112519281967
16867526,0.0002109954157293738
73343,0.00039386571070252317
49977240,0.00028703493375087667
130667410,0.00015112519281967
917259707236208640,0.00015112519281967
1308409993213943809,0.00027303671950386886
48457557,0.00015112519281967
984363152958685184,0.00015112519281967
264103867,0.00015112519281967
3233792564,0.00027303671950386886
26014256,0.00027303671950386886
46508246,0.00015112519281967
1233080567727521792,0.00015112519281967
403731744,0.00028703493375087667
186404598,0.00039386571070252317
106023728,0.00027303671950386886
633,0.00028703493375087667
1178221893616308224,0.00015112519281967
15862919,0.00015112519281967
585390634,0.00015112519281967
6763242,0.00015112519281967
101711550,0.00015112519281967
941478255789457408,0.00027303671950386886
1605423500,0.00015112519281967
761072228028911618,0.00015112519281967
25037133,0.00028703493375087667
54875928,0.0004688166833447793
44583317,0.00015112519281967
6057982,0.00028703493375087667
4460137405,0.00015112519281967
713395522095210496,0.00015112519281967
22952866,0.00028703493375087667
153439378,0.00028703493375087667
2983902143,0.00028703493375087667
485865743,0.0005133236376633104
2797743527,0.00015112519281967
2887723143,0.00039386571070252317
73001375,0.00015112519281967
16684149,0.00015112519281967
323616054,0.00015112519281967
1517068255,0.00015112519281967
49719781,0.00027303671950386886
871687740,0.00028703493375087667
549833457,0.00034690515666058045
354009660,0.00015112519281967
557553364,0.00027303671950386886
372843212,0.00039386571070252317
289560192,0.00028703493375087667
33836629,0.00028703493375087667
195658424,0.00028703493375087667
4149032843,0.00034690515666058045
1891806212,0.00037741389673210367
14862794,0.00028703493375087667
2321117354,0.00015112519281967
780174132,0.00015112519281967
1877046548,0.00039386571070252317
433873132,0.00028703493375087667
1567085737,0.00015112519281967
50607971,0.00015112519281967
374433827,0.00028703493375087667
125792630,0.00028703493375087667
21991908,0.00027303671950386886
15169938,0.00027303671950386886
16134540,0.0003175436738223999
742143,0.00019563214713820104
879014078932504577,0.00028703493375087667
2494212979,0.00027303671950386886
1037864733360226304,0.00015112519281967
61143806,0.00028703493375087667
2459299508,0.00028703493375087667
80422885,0.00019563214713820104
234321271,0.00040894646043507547
562363,0.00015112519281967
3008322017,0.00027303671950386886
87476034,0.0003315418880694077
442245081,0.00028703493375087667
17503180,0.00040894646043507547
771363829556977665,0.00015112519281967
118748199,0.00027303671950386886
24046380,0.00027303671950386886
253609062,0.00015112519281967
33993797,0.00027303671950386886
1219230275198058497,0.00015112519281967
2525616956,0.00015112519281967
2228576226,0.00015112519281967
2244880545,0.00039386571070252317
203250712,0.00027303671950386886
15156540,0.00027303671950386886
951237270044069888,0.00019563214713820104
884180960,0.00027303671950386886
1136467769199910912,0.00015112519281967
190161488,0.000498242887930758
16895951,0.00027303671950386886
1229540217595387904,0.00028703493375087667
29951831,0.00028703493375087667
581406453,0.00027303671950386886
1734575215,0.0003175436738223999
219728708,0.00015112519281967
38277726,0.00015112519281967
3375552377,0.00015112519281967
17078917,0.0004688166833447793
16507835,0.00027303671950386886
19540483,0.0002109954157293738
193227076,0.00028703493375087667
21769127,0.00019563214713820104
810173876466515968,0.00028703493375087667
174072879,0.00028703493375087667
84653850,0.00028703493375087667
104892871,0.0002109954157293738
59481357,0.0004688166833447793
26280712,0.00039386571070252317
352053266,0.00034690515666058045
975115762712096768,0.00015112519281967
333410580,0.00039386571070252317
1562578862,0.00034690515666058045
1441677282,0.00028703493375087667
1017171853914333185,0.00015112519281967
137745777,0.00015112519281967
2776164847,0.00028703493375087667
37788263,0.00027303671950386886
17839109,0.0004688166833447793
70900164,0.00028703493375087667
748315519674048512,0.00015112519281967
18843675,0.00028703493375087667
1851621,0.00028703493375087667
45820175,0.00028703493375087667
1040124415151726592,0.00015112519281967
153327232,0.00025550237004790487
40380303,0.00015112519281967
131947210,0.00015112519281967
142724647,0.00015112519281967
2025101,0.00028703493375087667
151581782,0.00015112519281967
571202103,0.00043837266502105414
201194687,0.0004688166833447793
221460294,0.00027303671950386886
16621479,0.00015112519281967
2835276183,0.00019563214713820104
711001600567828481,0.00015112519281967
1471694196,0.00015112519281967
73719913,0.00028703493375087667
1377476875,0.00015112519281967
14794109,0.00015112519281967
25864331,0.00027303671950386886
31442869,0.00027303671950386886
947311503216066560,0.0004534534147536065
109613064,0.00027303671950386886
807261497500069888,0.00028703493375087667
2821616774,0.00028703493375087667
547871798,0.00040894646043507547
14488805,0.0002109954157293738
159342110,0.00028703493375087667
1535439446,0.00028703493375087667
1936953062,0.00027303671950386886
179797676,0.00027303671950386886
34227622,0.0002109954157293738
13235832,0.00027303671950386886
16851370,0.00028703493375087667
475026877,0.00028703493375087667
343587148,0.00015112519281967
15926727,0.00028703493375087667
48677032,0.0005133236376633104
637087464,0.00027303671950386886
79703784,0.00027303671950386886
4718039356,0.00015112519281967
47562075,0.00027303671950386886
458079606,0.00027303671950386886
2734776646,0.00015112519281967
839139788846411777,0.00015112519281967
997784960,0.00028703493375087667
52414554,0.00015112519281967
839446682819563520,0.00015112519281967
3246646347,0.00040894646043507547
2974389209,0.00015112519281967
41667342,0.000498242887930758
28822067,0.0002109954157293738
263483174,0.00027303671950386886
6365342,0.00027303671950386886
109598348,0.0003315418880694077
334516778,0.00015112519281967
1479360883,0.00019563214713820104
1530894998,0.0002109954157293738
772871943577931776,0.00039386571070252317
11867332,0.00028703493375087667
281945877,0.00015112519281967
537014740,0.00039386571070252317
3015605477,0.00015112519281967
224495471,0.00028703493375087667
2832694608,0.00015112519281967
2457267950,0.0002109954157293738
15808647,0.00027303671950386886
26000689,0.0002109954157293738
114738098,0.00015112519281967
433226744,0.00039386571070252317
2417892751,0.00015112519281967
1148595838664552451,0.00015112519281967
216703645,0.0002109954157293738
3751854082,0.00039386571070252317
19888273,0.00027303671950386886
917421341359464450,0.00015112519281967
924426975330160641,0.00015112519281967
1287104705185939456,0.00028703493375087667
793483735018504192,0.00027303671950386886
16596200,0.00027303671950386886
734735999029383168,0.00027303671950386886
906922846412267521,0.00015112519281967
39237580,0.00027303671950386886
1148229403,0.00039386571070252317
431764698,0.00027303671950386886
166739404,0.00019563214713820104
133806972,0.00027303671950386886
3160109092,0.00015112519281967
18485339,0.00027303671950386886
160246849,0.00015112519281967
320603385,0.0002109954157293738
955493794669121537,0.00015112519281967
1551361069,0.00027303671950386886
402875257,0.00027303671950386886
27104786,0.00028703493375087667
352248891,0.00015112519281967
44595708,0.00015112519281967
284858667,0.00039386571070252317
327066310,0.00015112519281967
14146389,0.00039386571070252317
2322434384,0.0003175436738223999
4786709654,0.00027303671950386886
2492690671,0.00028703493375087667
702513144782950400,0.00015112519281967
497181885,0.00027303671950386886
833624768800817152,0.00015112519281967
3077138539,0.00015112519281967
8123222,0.0002109954157293738
476700973,0.00027303671950386886
1721425735,0.00015112519281967
37715152,0.00015112519281967
200083348,0.00028703493375087667
1035524448319885312,0.00028703493375087667
17855686,0.00027303671950386886
455428885,0.00028703493375087667
166499569,0.00028703493375087667
135047672,0.00028703493375087667
2435317801,0.00027303671950386886
15378449,0.00037741389673210367
1044869316288696320,0.00028703493375087667
14301911,0.00027303671950386886
28077022,0.00015112519281967
16953723,0.00039386571070252317
44860754,0.00015112519281967
1313137113454579717,0.00028703493375087667
220017829,0.00015112519281967
45101319,0.00015112519281967
1101500498564313090,0.00040894646043507547
40156543,0.00034690515666058045
2502662672,0.00027303671950386886
2310390416,0.00015112519281967
301941645,0.00025550237004790487
3339046197,0.00015112519281967
27018274,0.00015112519281967
94642927,0.00027303671950386886
817845968,0.00019563214713820104
781751446362468353,0.00015112519281967
17383073,0.00027303671950386886
271485168,0.00019563214713820104
2269512362,0.00015112519281967
