id,Indegree Centrality
27493489,0.00036927621861152144
551951577,0.00036927621861152144
4873684235,0.0
228130177,0.00036927621861152144
1894582058,0.0
1089302341,0.0
16042588,0.00036927621861152144
15089078,0.00036927621861152144
3620548396,0.00036927621861152144
2754814433,0.0
2587163612,0.00036927621861152144
44953355,0.00036927621861152144
838141984053284864,0.0
37162329,0.0
2996506102,0.0
3091376321,0.00036927621861152144
891193292385288193,0.0
404376053,0.00036927621861152144
1204339794471538688,0.0
769507902897856512,0.0
197481317,0.00036927621861152144
33284619,0.00036927621861152144
24603962,0.00036927621861152144
1663172653,0.00036927621861152144
1280804221,0.0
287275780,0.0
1251059396991311872,0.0
419395379,0.00036927621861152144
19659370,0.19867060561299854
412155441,0.00036927621861152144
72474729,0.00036927621861152144
15962096,0.00036927621861152144
436609034,0.00036927621861152144
2372636521,0.0
1853174220,0.0
631705640,0.0
889657085868298240,0.0007385524372230429
5848122,0.00036927621861152144
794790254,0.00036927621861152144
3079899620,0.0
25268217,0.00036927621861152144
2230151202,0.00036927621861152144
1038481676,0.00036927621861152144
3085799703,0.00036927621861152144
15518172,0.00036927621861152144
200630242,0.0007385524372230429
27131901,0.0007385524372230429
94732055,0.0007385524372230429
143187995,0.0
3331252607,0.00036927621861152144
825382759,0.00036927621861152144
373974821,0.00036927621861152144
705504146808565760,0.0
755397390,0.0007385524372230429
18384521,0.00036927621861152144
755733488851189760,0.0007385524372230429
928760788306878464,0.0007385524372230429
390380093,0.0
7368332,0.00036927621861152144
561642136,0.00036927621861152144
1065937815022837760,0.00036927621861152144
577243493,0.00036927621861152144
464907377,0.0
58558979,0.0
252988497,0.00036927621861152144
1580058000,0.00036927621861152144
190778398,0.00036927621861152144
1640671358,0.0
14293310,0.00036927621861152144
331076291,0.0007385524372230429
1934999587,0.00036927621861152144
427218827,0.0
2381066016,0.0
101045085,0.0007385524372230429
82541893,0.0
3384319941,0.00036927621861152144
126274094,0.00036927621861152144
399935607,0.00036927621861152144
43973475,0.00036927621861152144
1190682302977859584,0.0
119711344,0.00036927621861152144
12755532,0.00036927621861152144
84351228,0.0007385524372230429
2360762586,0.00036927621861152144
404100683,0.0
841854020058677252,0.00036927621861152144
20356196,0.0
889461651673690112,0.0
512785206,0.00036927621861152144
1065173952664952837,0.0
763432576375779328,0.00036927621861152144
3026571023,0.00036927621861152144
706980266879946752,0.0007385524372230429
3332231,0.0007385524372230429
512594470,0.0
325755342,0.00036927621861152144
1382732563,0.00036927621861152144
17705769,0.00036927621861152144
26240101,0.0007385524372230429
2754412213,0.00036927621861152144
2153743237,0.00036927621861152144
2394417954,0.00036927621861152144
51023058,0.0007385524372230429
5943622,0.00036927621861152144
14622066,0.00036927621861152144
1322931373,0.0
2815077014,0.0007385524372230429
3305766383,0.0
1206594224537448449,0.0
3411494596,0.00036927621861152144
9320372,0.00036927621861152144
64732883,0.0
1067977726118682625,0.00036927621861152144
125721127,0.0
2424680826,0.00036927621861152144
1991321,0.00036927621861152144
994300581291282432,0.00036927621861152144
1121934716,0.0007385524372230429
27990587,0.00036927621861152144
2872651869,0.0
55612967,0.0
2903681001,0.00036927621861152144
130671142,0.0014771048744460858
15333148,0.00036927621861152144
68443905,0.00036927621861152144
298982411,0.0
1061582051449557003,0.0
48062712,0.00036927621861152144
119512412,0.0014771048744460858
1425336134,0.0
2895770934,0.00036927621861152144
79128388,0.0
108334890,0.00036927621861152144
17600799,0.0
2176025565,0.0
911454651417088000,0.0
47325650,0.00036927621861152144
1110855455696314368,0.0
142293342,0.0
30030112,0.0
1351611290,0.0
897060827316072448,0.0007385524372230429
8220532,0.0007385524372230429
1264438328,0.0007385524372230429
57320656,0.0007385524372230429
118056286,0.00036927621861152144
16102444,0.0
3435577992,0.0
212276623,0.00036927621861152144
1173370158,0.00036927621861152144
2986305078,0.00036927621861152144
2560958309,0.0
26212951,0.0
71167669,0.00036927621861152144
569382995,0.00036927621861152144
400804254,0.0007385524372230429
50706020,0.00036927621861152144
108434901,0.00036927621861152144
37622738,0.00036927621861152144
419071399,0.00036927621861152144
4728720725,0.00036927621861152144
310741473,0.00036927621861152144
103810205,0.00036927621861152144
2544161559,0.0
583637312,0.0
3405424143,0.0
46092394,0.0
567383651,0.00036927621861152144
632815919,0.0
1228726773078208512,0.0
781676758932262912,0.00036927621861152144
456853606,0.00036927621861152144
879077538525396992,0.0
1255539999467958272,0.00036927621861152144
1259983955408744449,0.00036927621861152144
2807461219,0.00036927621861152144
1432662902,0.00036927621861152144
2427734180,0.0
787149253302812672,0.00036927621861152144
114407120,0.00036927621861152144
897568340075479040,0.00036927621861152144
2922679556,0.00036927621861152144
1246421,0.00036927621861152144
1026754771087110144,0.00036927621861152144
4863093417,0.0011078286558345643
194324277,0.0
809193212,0.0
361281600,0.00036927621861152144
450594910,0.00036927621861152144
41259586,0.00036927621861152144
2890969865,0.0
2239534928,0.00036927621861152144
61111487,0.00036927621861152144
186764685,0.00036927621861152144
19722699,0.00036927621861152144
196476038,0.00036927621861152144
150622632,0.00036927621861152144
78912282,0.00036927621861152144
709543955126333440,0.00036927621861152144
11939852,0.00036927621861152144
56510427,0.00036927621861152144
337797562,0.0
216016685,0.00036927621861152144
201275909,0.0007385524372230429
414978578,0.00036927621861152144
2842688136,0.00036927621861152144
747665252,0.00036927621861152144
288995692,0.00036927621861152144
296312612,0.0011078286558345643
3293206151,0.0
200163448,0.00036927621861152144
243082126,0.00036927621861152144
1014722412,0.0
126062970,0.0
3317549893,0.0
39697728,0.0011078286558345643
714783310954774529,0.0
1048018930785083392,0.00036927621861152144
262191481,0.00036927621861152144
896676717603028992,0.00036927621861152144
714365137365426176,0.0
3272004860,0.0
2203092098,0.00036927621861152144
852962413,0.0
2607616422,0.0007385524372230429
52059998,0.0011078286558345643
721931072,0.00036927621861152144
71502653,0.0
1057715900,0.00036927621861152144
55044770,0.0
2700931729,0.0
122127763,0.00036927621861152144
14784786,0.0
3242397351,0.0
6355402,0.0007385524372230429
8077952,0.00036927621861152144
349172730,0.00036927621861152144
30339571,0.0014771048744460858
33864359,0.00036927621861152144
373580725,0.0
114773847,0.00036927621861152144
810893744593584128,0.0011078286558345643
73926321,0.00036927621861152144
250055606,0.0
61302699,0.0007385524372230429
21324520,0.0
1652541,0.00036927621861152144
1140577345973170177,0.0
40090727,0.00036927621861152144
3270447613,0.0
14657345,0.00036927621861152144
80269062,0.0
27375578,0.0
173431194,0.00036927621861152144
91367103,0.0007385524372230429
2606773789,0.00036927621861152144
14978945,0.00036927621861152144
46496916,0.00036927621861152144
856684314,0.0
308456550,0.00036927621861152144
16976682,0.00036927621861152144
10313732,0.00036927621861152144
972987874613366784,0.0
2274780686,0.0
25134469,0.0014771048744460858
3239238377,0.0
2613410444,0.0
2209063952,0.0
14553715,0.00036927621861152144
26092949,0.0
16079826,0.0
102609059,0.0
14998112,0.00036927621861152144
1494913634,0.0
68351679,0.0
8719472,0.00036927621861152144
12035282,0.00036927621861152144
1301154075434606598,0.0
29735775,0.00036927621861152144
2303160649,0.00036927621861152144
891731882,0.00036927621861152144
59263220,0.0014771048744460858
90626911,0.00036927621861152144
546315483,0.00036927621861152144
167169119,0.0007385524372230429
22514268,0.00036927621861152144
127894322,0.0014771048744460858
305474242,0.0014771048744460858
33861957,0.00036927621861152144
2278288488,0.0
3275322876,0.00036927621861152144
390324658,0.0
338526004,0.0
5763912,0.00036927621861152144
600067712,0.00036927621861152144
33970089,0.0007385524372230429
39321347,0.0007385524372230429
1303427371,0.00036927621861152144
372830899,0.00036927621861152144
1168926603855958017,0.0
153004670,0.00036927621861152144
1214864022572425217,0.00036927621861152144
563947963,0.0
114045446,0.00036927621861152144
3237012607,0.0
25624456,0.00036927621861152144
7990062,0.0
344956335,0.00036927621861152144
4531194259,0.0
485447824,0.0
2232721860,0.00036927621861152144
489677804,0.00036927621861152144
809848752,0.0
12414242,0.0
266717381,0.00036927621861152144
109640788,0.00036927621861152144
91440853,0.0011078286558345643
1367458171,0.00036927621861152144
515192228,0.0
45412709,0.00036927621861152144
391247062,0.00036927621861152144
1685766865,0.00036927621861152144
2312790332,0.00036927621861152144
121709074,0.0007385524372230429
2874803443,0.0
22597445,0.0011078286558345643
56318966,0.00036927621861152144
955599008,0.00036927621861152144
43526978,0.0
45321027,0.00036927621861152144
972651,0.00036927621861152144
3439304543,0.0
2215006026,0.0
2813275219,0.0
700999301514686464,0.0
188756842,0.0
1562518867,0.00036927621861152144
605012771,0.00036927621861152144
110509537,0.00036927621861152144
2810375782,0.00036927621861152144
136142062,0.0
58324434,0.00036927621861152144
917284226269052928,0.0
2960317030,0.0
1238826270,0.0
4833032980,0.0011078286558345643
597499972,0.00036927621861152144
388752038,0.00036927621861152144
60959947,0.00036927621861152144
2444229696,0.00036927621861152144
3361359683,0.00036927621861152144
23055193,0.00036927621861152144
918158086858211329,0.0
4897300665,0.0
22752868,0.0
155505157,0.00036927621861152144
81381560,0.00036927621861152144
1014199723031449600,0.00036927621861152144
1168,0.00036927621861152144
402143587,0.00036927621861152144
19411223,0.00036927621861152144
408717162,0.0
299659731,0.00036927621861152144
245907225,0.00036927621861152144
1930184042,0.0
598232506,0.00036927621861152144
204297410,0.0007385524372230429
942684527754989568,0.0
780874432927719424,0.00036927621861152144
514667085,0.00036927621861152144
1054280867512705025,0.00036927621861152144
36049907,0.0
27171750,0.0
4874161629,0.00036927621861152144
635986661,0.00036927621861152144
299807081,0.00036927621861152144
553436328,0.00036927621861152144
163363440,0.0
273921060,0.00036927621861152144
1155634482629791746,0.0
194399316,0.00036927621861152144
92593701,0.0
266028681,0.00036927621861152144
301037777,0.0
72102865,0.0
1244079788,0.00036927621861152144
534255106,0.00036927621861152144
1350732349,0.00036927621861152144
55858928,0.00036927621861152144
2318099514,0.00036927621861152144
943676329,0.0
394665897,0.00036927621861152144
20581429,0.00036927621861152144
110420616,0.00036927621861152144
224209816,0.00036927621861152144
117652722,0.00036927621861152144
151208743,0.0
259906731,0.00036927621861152144
377983647,0.0
313140358,0.00036927621861152144
313444531,0.00036927621861152144
19486877,0.00036927621861152144
11164692,0.00036927621861152144
9507112,0.00036927621861152144
14511951,0.00036927621861152144
327122348,0.0007385524372230429
2540678306,0.0007385524372230429
46131106,0.0011078286558345643
405384428,0.00036927621861152144
22843337,0.00036927621861152144
42909798,0.00036927621861152144
431210487,0.00036927621861152144
53654934,0.00036927621861152144
93494670,0.0007385524372230429
2591662868,0.00036927621861152144
20887537,0.00036927621861152144
1148895885729947648,0.0
3120886937,0.0
146195370,0.0007385524372230429
14707794,0.00036927621861152144
19204539,0.00036927621861152144
299394773,0.00036927621861152144
1227698863,0.00036927621861152144
1622761998,0.0
561277962,0.0
84560252,0.00036927621861152144
162124540,0.00036927621861152144
774076183461892096,0.0
1166221754,0.0
14049302,0.00036927621861152144
89774258,0.0011078286558345643
75525450,0.00036927621861152144
2998896042,0.0007385524372230429
257691637,0.0
95630269,0.0
569790116,0.00036927621861152144
134072288,0.00036927621861152144
243479125,0.0007385524372230429
606214834,0.0
16674284,0.00036927621861152144
393652166,0.0007385524372230429
2816046521,0.00036927621861152144
108989193,0.0
65184105,0.00036927621861152144
48448084,0.0
19058451,0.0
11069462,0.0
3035143127,0.00036927621861152144
1251034648492138498,0.0
37069005,0.0
1060157776477982721,0.00036927621861152144
2752564758,0.0
22132438,0.0
608052226,0.0007385524372230429
341258707,0.00036927621861152144
1072910977,0.00036927621861152144
1605951265,0.0
553729228,0.00036927621861152144
1290762290224984064,0.00036927621861152144
2383802810,0.00036927621861152144
417189950,0.00036927621861152144
115494880,0.00036927621861152144
415798356,0.0
1527461,0.00036927621861152144
1043021486,0.00036927621861152144
1556357336,0.0007385524372230429
398092540,0.00036927621861152144
112829445,0.00036927621861152144
1246201593755660288,0.00036927621861152144
7905122,0.00036927621861152144
596203049,0.00036927621861152144
202740551,0.0
396680992,0.00036927621861152144
296459271,0.00036927621861152144
934851466082357249,0.0007385524372230429
23818581,0.00036927621861152144
954235769618538496,0.0
65423884,0.0
932582571338321920,0.00036927621861152144
2713275441,0.00036927621861152144
2900424513,0.0
301709965,0.00036927621861152144
1023096199,0.00036927621861152144
47725447,0.00036927621861152144
14494523,0.0
101764664,0.0
828625466,0.00036927621861152144
743908703863083008,0.0
7466492,0.00036927621861152144
1055893919597133824,0.0007385524372230429
821666958680719361,0.00036927621861152144
92071137,0.0011078286558345643
49556240,0.0
13056322,0.0007385524372230429
1434631356,0.0007385524372230429
61187211,0.0
82337208,0.00036927621861152144
103835763,0.0
14874480,0.00036927621861152144
3946229836,0.00036927621861152144
17053944,0.00036927621861152144
839149376643686401,0.00036927621861152144
3036907250,0.03803545051698671
26711278,0.0007385524372230429
289284899,0.0
419946721,0.0
1174325520294715392,0.0
777648349,0.0
3621255616,0.0
2842839092,0.00036927621861152144
6844292,0.00036927621861152144
822143767,0.0
70819203,0.00036927621861152144
8746072,0.00036927621861152144
278482863,0.00036927621861152144
91697719,0.00036927621861152144
2320791044,0.00036927621861152144
99473901,0.00036927621861152144
23761309,0.00036927621861152144
885944485615738881,0.0
9541832,0.00036927621861152144
192931240,0.00036927621861152144
305236970,0.00036927621861152144
838131126002728960,0.0
774324193928351744,0.0
474233138,0.00036927621861152144
16273541,0.00036927621861152144
789107706397196288,0.0
34698700,0.0
185263153,0.00036927621861152144
1123336792021897216,0.00036927621861152144
616219267,0.00036927621861152144
15521075,0.00036927621861152144
998279534947586048,0.0
828489290,0.0
831922344,0.00036927621861152144
57246759,0.00036927621861152144
134765219,0.00036927621861152144
18238570,0.0
1734817550,0.0
124319949,0.00036927621861152144
2544647385,0.00036927621861152144
9316452,0.00036927621861152144
1081076050061213697,0.00036927621861152144
15056816,0.00036927621861152144
327301533,0.0
13284672,0.00036927621861152144
55517828,0.0007385524372230429
2386023224,0.0
11649702,0.0
388212968,0.00036927621861152144
570072860,0.00036927621861152144
854581958,0.0007385524372230429
720389270335135745,0.0011078286558345643
101818541,0.0
2989739661,0.0
925565433679298560,0.00036927621861152144
142837256,0.00036927621861152144
1468634743,0.00036927621861152144
253973566,0.0
871920132641173504,0.0
468825579,0.00036927621861152144
14208224,0.00036927621861152144
58880930,0.0007385524372230429
192854350,0.00036927621861152144
191728278,0.0
435462176,0.00036927621861152144
2166992210,0.00036927621861152144
317727341,0.00036927621861152144
1855871,0.0007385524372230429
14294701,0.0
605027292,0.00036927621861152144
1095972841,0.00036927621861152144
3988215194,0.0
1620225060,0.00036927621861152144
354801923,0.0
950072183031771136,0.0
44217911,0.00036927621861152144
1002193231,0.0
1379105228,0.00036927621861152144
224379103,0.00036927621861152144
16387111,0.00036927621861152144
370597692,0.0
951844723,0.0
984135577208373249,0.00036927621861152144
3482836634,0.00036927621861152144
461578921,0.00036927621861152144
49976458,0.00036927621861152144
19811190,0.00036927621861152144
2572511777,0.0
4053818032,0.00036927621861152144
802182440,0.00036927621861152144
262236415,0.0011078286558345643
452909538,0.00036927621861152144
15468474,0.00036927621861152144
948483885209477121,0.0
39618125,0.0
1297170244658552838,0.0
2685989162,0.0
32246103,0.0
147299961,0.0
195525587,0.00036927621861152144
3761306416,0.0007385524372230429
40389352,0.0007385524372230429
1168865024674357248,0.00036927621861152144
2859068332,0.00036927621861152144
1557796237,0.0
8762122,0.00036927621861152144
293483941,0.0007385524372230429
20640711,0.00036927621861152144
1553685114,0.0
1189744336415723520,0.0011078286558345643
1267637312,0.0
2455929786,0.00036927621861152144
312131328,0.0
40903402,0.0
41974909,0.00036927621861152144
1728795440,0.00036927621861152144
29866761,0.00036927621861152144
20621579,0.00036927621861152144
14162048,0.00036927621861152144
43652382,0.00036927621861152144
3051698888,0.0
2236856634,0.00036927621861152144
257618993,0.0007385524372230429
1972411447,0.0
827392886,0.0
20225119,0.0
6015842,0.0
470416893,0.0
735447938214678529,0.00036927621861152144
1171878193114025987,0.0
4025609913,0.0
93781753,0.0011078286558345643
838601156737654784,0.00036927621861152144
44106240,0.00036927621861152144
157238371,0.0
164233384,0.00036927621861152144
19380829,0.00036927621861152144
150346051,0.00036927621861152144
16044272,0.00036927621861152144
555461978,0.00036927621861152144
45794386,0.00036927621861152144
3892710581,0.00036927621861152144
29716049,0.00036927621861152144
116897811,0.00036927621861152144
814980524200566784,0.00036927621861152144
2178067878,0.0007385524372230429
735809541456027648,0.00036927621861152144
1014974716359081988,0.0
12160482,0.0
2249121151,0.00036927621861152144
175529610,0.00036927621861152144
36347948,0.0
427431943,0.0007385524372230429
2522143308,0.0
409890910,0.00036927621861152144
220378862,0.0
483172916,0.00036927621861152144
14947339,0.0
1002096110,0.00036927621861152144
237670274,0.00036927621861152144
112882940,0.00036927621861152144
2190723061,0.0
265509561,0.00036927621861152144
338989477,0.0011078286558345643
4042462396,0.00036927621861152144
3916694415,0.0007385524372230429
1251108504653361152,0.0
1909219404,0.00036927621861152144
104633187,0.0
312121622,0.00036927621861152144
1183933523129970689,0.00036927621861152144
175011974,0.00036927621861152144
1080724857552199682,0.0
2166763549,0.0
18417153,0.0014771048744460858
343998886,0.00036927621861152144
429259920,0.00036927621861152144
136756365,0.00036927621861152144
2607919231,0.0
409166947,0.0
1401748656,0.00036927621861152144
824668943285702661,0.0
153506820,0.0
114146587,0.00036927621861152144
803909558431313920,0.0
146116918,0.0
240867778,0.00036927621861152144
3235806942,0.00036927621861152144
241167877,0.00036927621861152144
2252260178,0.0
2645602164,0.0007385524372230429
1189525564715089920,0.00036927621861152144
99023044,0.00036927621861152144
1120424520773505028,0.0
47978543,0.00036927621861152144
31311757,0.00036927621861152144
18855622,0.00036927621861152144
884047713372975104,0.0
4196200462,0.0
762501458,0.00036927621861152144
476514758,0.00036927621861152144
50956443,0.00036927621861152144
722155990662123520,0.00036927621861152144
1076178992036790272,0.00036927621861152144
57047586,0.00036927621861152144
2209003450,0.0
234070123,0.00036927621861152144
1690763647,0.0
870362407,0.0007385524372230429
911297187664949248,0.00036927621861152144
312783905,0.0
38140504,0.00036927621861152144
123093566,0.00036927621861152144
73909361,0.00036927621861152144
2568478126,0.0
122424832,0.0
3150832239,0.00036927621861152144
2608840453,0.00036927621861152144
15166546,0.00036927621861152144
4831430475,0.0
33677856,0.0
2785709353,0.00036927621861152144
430570985,0.00036927621861152144
890413838578966528,0.0
717756832240902144,0.0
1156797119149121541,0.00036927621861152144
330917707,0.0
1038834447540531202,0.00036927621861152144
3367685915,0.00036927621861152144
2812873512,0.00036927621861152144
333597222,0.0014771048744460858
4829277184,0.0
16946380,0.00036927621861152144
8260242,0.0
2188930908,0.00036927621861152144
271370579,0.00036927621861152144
115763683,0.0014771048744460858
330151669,0.00036927621861152144
50257296,0.00036927621861152144
229601276,0.0011078286558345643
720750427147341824,0.0
414130557,0.0
3035211041,0.0
800707492346925056,0.00036927621861152144
400831970,0.0
423567471,0.0
38190507,0.00036927621861152144
72781449,0.00036927621861152144
740216334,0.00036927621861152144
7170002,0.0
126718539,0.00036927621861152144
20167623,0.00036927621861152144
822183485523841025,0.00036927621861152144
220139885,0.0007385524372230429
822405576504344576,0.0
2343425496,0.0
1077863989202247681,0.0
980046830,0.00036927621861152144
364593753,0.00036927621861152144
823957466,0.00036927621861152144
964589615230337024,0.00036927621861152144
1578022897,0.00036927621861152144
466894113,0.00036927621861152144
36588310,0.00036927621861152144
14065835,0.0007385524372230429
849902720827875330,0.00036927621861152144
591797093,0.00036927621861152144
976373610,0.00036927621861152144
4202417063,0.0
381187236,0.00036927621861152144
64245814,0.00036927621861152144
207450631,0.00036927621861152144
751506263792582656,0.0007385524372230429
813286,0.0007385524372230429
69870134,0.0007385524372230429
109399833,0.0
16948477,0.00036927621861152144
377571301,0.00036927621861152144
3165380261,0.0
950377242483343360,0.0
1074540169,0.00036927621861152144
2186834214,0.0
713164296604090368,0.00036927621861152144
37139722,0.0
197623145,0.0
706431707885477888,0.0
2641476606,0.00036927621861152144
206743057,0.0007385524372230429
2986013849,0.00036927621861152144
181720081,0.00036927621861152144
228313429,0.00036927621861152144
61449317,0.00036927621861152144
14183423,0.0
3442793834,0.00036927621861152144
579842788,0.00036927621861152144
2918846960,0.00036927621861152144
406260699,0.0
190821474,0.00036927621861152144
51215183,0.00036927621861152144
2758095800,0.0
1708743114,0.0
14199378,0.00036927621861152144
2147987488,0.00036927621861152144
311404595,0.0
216744325,0.00036927621861152144
114870386,0.00036927621861152144
302013973,0.00036927621861152144
4652730673,0.00036927621861152144
18932422,0.058345642540620385
740410382,0.0
272065025,0.00036927621861152144
1354848524,0.00036927621861152144
39112661,0.0
230815459,0.00036927621861152144
342137485,0.0
96127287,0.00036927621861152144
877108837475655680,0.0
207534677,0.00036927621861152144
13360372,0.0
1598324696,0.0007385524372230429
63801028,0.00036927621861152144
182486010,0.00036927621861152144
765548,0.0007385524372230429
158297618,0.0
311340284,0.00036927621861152144
850107536,0.00036927621861152144
3033312071,0.0
539296619,0.00036927621861152144
622716896,0.0
63935826,0.0
1107254048896548864,0.0
2867784412,0.00036927621861152144
78577226,0.00036927621861152144
500950174,0.00036927621861152144
111046352,0.00036927621861152144
153764165,0.00036927621861152144
17743823,0.0007385524372230429
398500188,0.00036927621861152144
15421904,0.00036927621861152144
38048603,0.0
156322219,0.0
586366163,0.00036927621861152144
2924669003,0.00036927621861152144
616572834,0.00036927621861152144
2847332414,0.0
17554109,0.00036927621861152144
14166306,0.00036927621861152144
174991185,0.00036927621861152144
2221607978,0.00036927621861152144
1033944831918104576,0.0
2814432614,0.00036927621861152144
71306406,0.00036927621861152144
1609328383,0.0
220145170,0.00036927621861152144
2579832252,0.0
2336440088,0.0007385524372230429
3025618094,0.0
977250301,0.0
36659063,0.00036927621861152144
19677123,0.00036927621861152144
54580934,0.00036927621861152144
1193486898,0.00036927621861152144
62952214,0.0
939946139029090304,0.00036927621861152144
269930404,0.0
361719507,0.0
1205609058,0.00036927621861152144
449616976,0.0
138840988,0.0007385524372230429
95745203,0.0
2213823000,0.0
452570555,0.00036927621861152144
923649456981135367,0.0007385524372230429
533315563,0.00036927621861152144
337745478,0.0
1099250750155354114,0.0
224466293,0.00036927621861152144
45123871,0.00036927621861152144
3943475233,0.0
22960511,0.00036927621861152144
16514335,0.00036927621861152144
50374439,0.00036927621861152144
3248357604,0.00036927621861152144
840618056678293504,0.00036927621861152144
903217429555359744,0.0
176870844,0.0
1064203950717583360,0.0
406869976,0.00036927621861152144
2924886188,0.00036927621861152144
702309206,0.00036927621861152144
17018894,0.00036927621861152144
2615258306,0.00036927621861152144
857570979022876672,0.00036927621861152144
117712651,0.00036927621861152144
24897144,0.00036927621861152144
1081241209622822913,0.00036927621861152144
2239194271,0.00036927621861152144
891186338,0.0
47456957,0.00036927621861152144
2908007650,0.00036927621861152144
86754006,0.00036927621861152144
1107588341124337666,0.0
1145584490594443264,0.00036927621861152144
5894962,0.0
91168371,0.0011078286558345643
27007409,0.0
12044602,0.00036927621861152144
112099606,0.0
271310204,0.00036927621861152144
1232460508160094209,0.0
2309104237,0.0
40576466,0.0014771048744460858
115180931,0.00036927621861152144
5869132,0.0
43641631,0.0
285332715,0.0
20499721,0.0011078286558345643
567360618,0.00036927621861152144
33838201,0.0014771048744460858
2155233830,0.0007385524372230429
940445534556364800,0.0007385524372230429
11669522,0.00036927621861152144
28316908,0.0
20304025,0.00036927621861152144
3037264899,0.0
221620566,0.00036927621861152144
3081160595,0.0
2183611873,0.00036927621861152144
195719387,0.0
17707080,0.0011078286558345643
984208484328763395,0.00036927621861152144
307912317,0.00036927621861152144
326912209,0.00036927621861152144
18464317,0.00036927621861152144
14048484,0.0007385524372230429
2348513340,0.00036927621861152144
506166021,0.00036927621861152144
15336340,0.00036927621861152144
127489643,0.00036927621861152144
880523990883848192,0.00036927621861152144
41216797,0.00036927621861152144
1187585868493537280,0.0007385524372230429
93655722,0.0007385524372230429
1187226845155999749,0.0
16318928,0.00036927621861152144
15657398,0.0
2893424886,0.0
359622624,0.00036927621861152144
626282563,0.00036927621861152144
1053724531,0.00036927621861152144
984275749824638976,0.00036927621861152144
2273201773,0.0014771048744460858
2877993331,0.00036927621861152144
44871098,0.0
2245759994,0.00036927621861152144
3145021135,0.0
2226776658,0.0007385524372230429
39048846,0.00036927621861152144
313207740,0.00036927621861152144
2189994866,0.0
82573938,0.00036927621861152144
1256240551118200835,0.00036927621861152144
1023655925742268426,0.0
3292784453,0.0
2214711331,0.0
17955611,0.0
1376401838,0.00036927621861152144
37105355,0.0
953752657,0.00036927621861152144
3865043177,0.00036927621861152144
2512218333,0.0
151490538,0.0
14341416,0.00036927621861152144
25213966,0.00036927621861152144
617400195,0.0
2851178794,0.00036927621861152144
2341772972,0.00036927621861152144
16362818,0.00036927621861152144
49043059,0.0
16611773,0.0
826837132325027841,0.0
4485809179,0.0
43961874,0.0
14254846,0.00036927621861152144
14359747,0.0
22289618,0.0
17922590,0.00036927621861152144
487736815,0.00036927621861152144
3257676018,0.0
758771866500816896,0.00036927621861152144
434835815,0.0
787735106546827265,0.0
966024156574662656,0.0
3243155048,0.0
887159288,0.0007385524372230429
1211825303388995584,0.0
242868086,0.0011078286558345643
140956562,0.00036927621861152144
780788089966829568,0.0
11235202,0.0
3236533841,0.00036927621861152144
2577967370,0.00036927621861152144
33505544,0.0
832361946154401792,0.0
50095170,0.00036927621861152144
66369383,0.00036927621861152144
709476815090413568,0.0
63735508,0.00036927621861152144
32193354,0.0007385524372230429
434236851,0.00036927621861152144
279084731,0.00036927621861152144
3201975988,0.0
775449094739197953,0.00036927621861152144
36927290,0.0
29639366,0.0
103546343,0.0007385524372230429
103989154,0.0007385524372230429
270044784,0.00036927621861152144
561218882,0.00036927621861152144
29959702,0.00036927621861152144
251614179,0.00036927621861152144
2969887354,0.0
909404434723213312,0.00036927621861152144
4928034543,0.0
2097571,0.00036927621861152144
869188290183917568,0.0
70478255,0.0007385524372230429
1116622891,0.0
1883425892,0.00036927621861152144
361288906,0.0
940901351759994880,0.00036927621861152144
1284129738,0.0
439572655,0.00036927621861152144
17118060,0.00036927621861152144
111801456,0.00036927621861152144
263044687,0.00036927621861152144
2636910597,0.0
833967951447486465,0.00036927621861152144
896036165350019073,0.0
3279064394,0.0
2438493248,0.00036927621861152144
5108051,0.00036927621861152144
934087003,0.00036927621861152144
4484681,0.00036927621861152144
862356144748204032,0.0011078286558345643
41828876,0.00036927621861152144
1527607790,0.0007385524372230429
68784803,0.00036927621861152144
4228354103,0.00036927621861152144
113339417,0.0
1197369638,0.00036927621861152144
346400805,0.00036927621861152144
623111545,0.00036927621861152144
249255635,0.00036927621861152144
15750573,0.12296898079763664
824886467721703425,0.0
24932781,0.0
748176824,0.0
281950081,0.00036927621861152144
829881163472916481,0.00036927621861152144
540259669,0.00036927621861152144
284099686,0.00036927621861152144
392248167,0.0
562439654,0.00036927621861152144
197608061,0.0
3077144869,0.00036927621861152144
1114432920121376768,0.0
7170942,0.00036927621861152144
12353582,0.00036927621861152144
248916795,0.00036927621861152144
135801478,0.00036927621861152144
159240329,0.0
213248607,0.00036927621861152144
1708488139,0.00036927621861152144
16423883,0.00036927621861152144
1728885823,0.0
21192987,0.0007385524372230429
95196023,0.0011078286558345643
2859456143,0.00036927621861152144
915167646240325632,0.0
50393960,0.0007385524372230429
1365711606,0.00036927621861152144
944810996,0.00036927621861152144
1168762828607508480,0.0
295344317,0.00036927621861152144
938473643373481985,0.00036927621861152144
31422403,0.00036927621861152144
2301908191,0.0
250059685,0.00036927621861152144
755953153,0.00036927621861152144
360783415,0.0
12243,0.0
2280952807,0.00036927621861152144
53340169,0.0
3314775459,0.00036927621861152144
572279177,0.00036927621861152144
188233241,0.00036927621861152144
17730501,0.00036927621861152144
858519894,0.0
279903146,0.0
140093780,0.0007385524372230429
848687484,0.0
6979832,0.0
17455229,0.00036927621861152144
16689804,0.00036927621861152144
1296322367053082624,0.0
1090911182591086592,0.00036927621861152144
174959656,0.00036927621861152144
1344951,0.0007385524372230429
1253984770083692544,0.00036927621861152144
3697013177,0.00036927621861152144
27897414,0.0
308843719,0.0
271243941,0.0014771048744460858
203866616,0.00036927621861152144
3107101390,0.0014771048744460858
1094001009188397057,0.0
288823245,0.0
211457876,0.00036927621861152144
136088911,0.0
456673160,0.00036927621861152144
16925097,0.0
107751300,0.0
354847710,0.0007385524372230429
59217922,0.0011078286558345643
21457289,0.0011078286558345643
1124623431377543169,0.0
62513246,0.00036927621861152144
1306824555420213249,0.00036927621861152144
82364810,0.0
257544772,0.00036927621861152144
36094947,0.00036927621861152144
317169230,0.00036927621861152144
3415864408,0.0011078286558345643
13568892,0.0007385524372230429
82774113,0.0007385524372230429
403274895,0.0007385524372230429
104211492,0.00036927621861152144
132646210,0.2898818316100443
577430083,0.00036927621861152144
308799838,0.0
131111665,0.0
829115622,0.00036927621861152144
35749835,0.0
104435358,0.00036927621861152144
200466843,0.00036927621861152144
18318677,0.00036927621861152144
17076764,0.00036927621861152144
529771925,0.00036927621861152144
824249522389970944,0.0
11010332,0.00036927621861152144
108441778,0.0
494181406,0.0
469115517,0.0
900040284616114176,0.00036927621861152144
16136933,0.0007385524372230429
1934192923,0.00036927621861152144
3353136183,0.0
1725341478,0.00036927621861152144
343928585,0.00036927621861152144
47602120,0.0007385524372230429
773146218,0.00036927621861152144
321908821,0.00036927621861152144
5921452,0.00036927621861152144
225110274,0.00036927621861152144
69218199,0.0
12151932,0.00036927621861152144
1035807940719112192,0.0
460544873,0.00036927621861152144
709402060547092481,0.0
384127183,0.0011078286558345643
3225904081,0.00036927621861152144
422016668,0.00036927621861152144
744114034660773888,0.0
2317814702,0.00036927621861152144
115512512,0.00036927621861152144
1141316975324536832,0.0
19203768,0.00036927621861152144
4898086443,0.0
804683646,0.00036927621861152144
705427898749079552,0.00036927621861152144
103761767,0.00036927621861152144
1252063705,0.00036927621861152144
245345590,0.00036927621861152144
728354894,0.0
848799224854609920,0.00036927621861152144
544360896,0.00036927621861152144
7415172,0.0
930340722,0.00036927621861152144
16279554,0.0
24989839,0.00036927621861152144
17305888,0.00036927621861152144
918798040282091520,0.0
184817606,0.0
2903217440,0.0
3577056016,0.0
105925630,0.00036927621861152144
22072608,0.00036927621861152144
3075691,0.00036927621861152144
2659265263,0.00036927621861152144
66815732,0.00036927621861152144
204387286,0.00036927621861152144
41572443,0.00036927621861152144
147949965,0.0007385524372230429
21308312,0.0007385524372230429
22826489,0.00036927621861152144
91333167,0.00036927621861152144
17268402,0.00036927621861152144
121881387,0.00036927621861152144
34642043,0.00036927621861152144
128213903,0.00036927621861152144
146159328,0.00036927621861152144
8034682,0.00036927621861152144
533584357,0.00036927621861152144
17580853,0.0007385524372230429
2910644884,0.0007385524372230429
174083824,0.00036927621861152144
784083274805248000,0.00036927621861152144
54163837,0.00036927621861152144
393956778,0.0007385524372230429
52206988,0.00036927621861152144
101013918,0.0
234017215,0.00036927621861152144
43926213,0.0
785618379201654784,0.00036927621861152144
87985586,0.00036927621861152144
114782375,0.0
281079339,0.00036927621861152144
179571184,0.0
68084193,0.00036927621861152144
83566575,0.0
2797567802,0.00036927621861152144
20605844,0.0
14667411,0.00036927621861152144
9430302,0.0007385524372230429
3226059106,0.00036927621861152144
514189512,0.0
184125091,0.0
59414975,0.00036927621861152144
867297019160707072,0.00036927621861152144
3038714572,0.0
274134534,0.0
856955544845811712,0.0
628623778,0.0
3549187454,0.00036927621861152144
1167604898,0.00036927621861152144
2310416978,0.0
28776166,0.00036927621861152144
359831209,0.00036927621861152144
253046215,0.00036927621861152144
822659,0.00036927621861152144
806101991109890048,0.0
722242009,0.00036927621861152144
2461022395,0.0
73705954,0.0
385339360,0.00036927621861152144
14103970,0.0
1376639125,0.0
386908329,0.0
1617314359,0.00036927621861152144
22585506,0.00036927621861152144
467551928,0.0007385524372230429
312809493,0.0
33168385,0.0
16319797,0.00036927621861152144
1231314888,0.0
487786548,0.0
831114368435748864,0.00036927621861152144
158789494,0.00036927621861152144
998681467696885761,0.00036927621861152144
46342393,0.00036927621861152144
989428140433866752,0.00036927621861152144
231722071,0.0
181348220,0.0
88727377,0.0011078286558345643
925220088,0.0
579133028,0.0
619585396,0.00036927621861152144
843009630812995584,0.0
1052291485901697024,0.00036927621861152144
90109488,0.00036927621861152144
1228678952,0.0
760799156256382976,0.0
1040575154424893441,0.0
1077734311799984128,0.0
2460368252,0.0007385524372230429
45389867,0.00036927621861152144
784824594,0.00036927621861152144
17773969,0.0011078286558345643
65468350,0.0
1636590253,0.00036927621861152144
2462926410,0.00036927621861152144
2735046987,0.0
1409748306,0.0
1070352023449669632,0.0
68701660,0.00036927621861152144
828683626372009985,0.0
139377848,0.00036927621861152144
1412036527,0.00036927621861152144
2527017636,0.0
989251872107085824,0.00036927621861152144
4893681,0.00036927621861152144
1149491203,0.0007385524372230429
756380725859975168,0.0
72386774,0.00036927621861152144
24888653,0.0
832267168276475904,0.00036927621861152144
41098784,0.00036927621861152144
25860326,0.0
874632132353826816,0.00036927621861152144
3095317209,0.00036927621861152144
60832858,0.00036927621861152144
874530424575336449,0.0
301939006,0.00036927621861152144
2587811778,0.0
122408887,0.0
3319270312,0.0
420316063,0.0
13920962,0.00036927621861152144
119459238,0.0
945020688,0.00036927621861152144
33105342,0.0
1579422614,0.00036927621861152144
56741675,0.00036927621861152144
887535601,0.00036927621861152144
544875915,0.0
39721490,0.0
719967950527205376,0.0
72018889,0.00036927621861152144
778856886,0.0007385524372230429
1264027207447371776,0.00036927621861152144
783214,0.0007385524372230429
3099020035,0.00036927621861152144
1016764586228412421,0.0
84854764,0.0
123846556,0.0007385524372230429
21573326,0.00036927621861152144
984769730983682048,0.00036927621861152144
636089336,0.0
1121364987178618880,0.0007385524372230429
887207711590559745,0.00036927621861152144
53645823,0.00036927621861152144
117539435,0.00036927621861152144
12031032,0.00036927621861152144
58160853,0.00036927621861152144
231845623,0.0
47567281,0.0
80446199,0.00036927621861152144
717768811005526016,0.00036927621861152144
1019673422,0.0
801059640951836672,0.00036927621861152144
539946626,0.00036927621861152144
376725527,0.00036927621861152144
201854523,0.0
849729477533892612,0.0
4793796869,0.00036927621861152144
707112185076391936,0.0
97880420,0.0007385524372230429
748525684578914304,0.0
294119630,0.00036927621861152144
115718271,0.0
3243283713,0.00036927621861152144
773280684173463552,0.00036927621861152144
93618186,0.00036927621861152144
1190461842922995712,0.00036927621861152144
2869101210,0.0007385524372230429
21003382,0.0007385524372230429
2575124365,0.00036927621861152144
85648537,0.0007385524372230429
595544862,0.00036927621861152144
482995387,0.00036927621861152144
307755344,0.00036927621861152144
441676899,0.0
277516046,0.0007385524372230429
15675384,0.0
3892691301,0.0
781332157,0.0007385524372230429
178976408,0.00036927621861152144
350152586,0.0
11892372,0.0014771048744460858
36417099,0.0011078286558345643
316386106,0.00036927621861152144
1004448369140551682,0.00036927621861152144
15739506,0.00036927621861152144
808593541840719872,0.0
84508784,0.00036927621861152144
24160034,0.00036927621861152144
34743251,0.00036927621861152144
85700509,0.0
2208838112,0.00036927621861152144
125483940,0.0011078286558345643
911514942335012864,0.0
54541583,0.0
106418930,0.00036927621861152144
1140163756267192321,0.0
1019221160742014976,0.0007385524372230429
65587580,0.0
27366114,0.0
117483950,0.0007385524372230429
361115646,0.00036927621861152144
4694535756,0.0
199175962,0.0
469405173,0.00036927621861152144
702932794947694592,0.00036927621861152144
144779689,0.00036927621861152144
75071601,0.0
98966111,0.00036927621861152144
1108108225,0.0
15637569,0.0
1184821524534059008,0.0007385524372230429
8943,0.00036927621861152144
19073790,0.00036927621861152144
920563781616496641,0.0
193640022,0.0
752743856941125632,0.00036927621861152144
469119337,0.00036927621861152144
2523642978,0.00036927621861152144
1497795582,0.0
28401365,0.00036927621861152144
46668733,0.00036927621861152144
6778812,0.0007385524372230429
580335026,0.0
214272214,0.00036927621861152144
477554560,0.00036927621861152144
121492869,0.0
15090415,0.00036927621861152144
84060395,0.00036927621861152144
10695152,0.0007385524372230429
158342368,0.00036927621861152144
483150865,0.00036927621861152144
2891809527,0.0
485140375,0.00036927621861152144
877886035,0.00036927621861152144
16632955,0.00036927621861152144
716947512154853376,0.0
130256377,0.0
427330274,0.0
18728897,0.00036927621861152144
1011316249274540033,0.00036927621861152144
4794104842,0.00036927621861152144
2604894992,0.00036927621861152144
406303880,0.00036927621861152144
271909348,0.00036927621861152144
85813091,0.0
606667727,0.00036927621861152144
982276165992935426,0.0
709828900,0.00036927621861152144
257111136,0.00036927621861152144
181954043,0.00036927621861152144
789736108896751616,0.0
16249403,0.0
1028693496,0.0007385524372230429
1304717864,0.00036927621861152144
115091858,0.0011078286558345643
688583,0.00036927621861152144
117662694,0.00036927621861152144
48008938,0.0011078286558345643
11990112,0.0007385524372230429
11348282,0.00036927621861152144
132539757,0.00036927621861152144
26976778,0.00036927621861152144
1408239470,0.00036927621861152144
507185539,0.00036927621861152144
882605036,0.0
47319664,0.00036927621861152144
1237393394,0.0007385524372230429
304540433,0.00036927621861152144
2450416195,0.00036927621861152144
334678478,0.00036927621861152144
1102341617371963392,0.0
380426226,0.00036927621861152144
2253247064,0.0
1037548569467731968,0.00036927621861152144
569203915,0.0
290705256,0.0
928151539893420032,0.0
23999540,0.0
1131186925212241920,0.00036927621861152144
3841067114,0.00036927621861152144
237738266,0.00036927621861152144
217377296,0.0011078286558345643
720605133483208705,0.00036927621861152144
618551148,0.0
48839631,0.00036927621861152144
48354997,0.0
43839644,0.0
84404991,0.00036927621861152144
77200220,0.00036927621861152144
391015835,0.00036927621861152144
33113669,0.00036927621861152144
10587552,0.00036927621861152144
788839271239184385,0.0
54682074,0.0
18869136,0.0
220020080,0.00036927621861152144
959849838212014081,0.0
3512256616,0.0
1617603914,0.00036927621861152144
76679840,0.0011078286558345643
16710690,0.0
948669952843595776,0.0
2986084527,0.0
48649222,0.0007385524372230429
123678691,0.0
804701761017671680,0.0011078286558345643
9180262,0.00036927621861152144
1070321898951753728,0.0007385524372230429
1068486102930112514,0.00036927621861152144
872544691442466816,0.0
2209729028,0.0
3074437553,0.0011078286558345643
107171037,0.00036927621861152144
20003288,0.00036927621861152144
20131383,0.00036927621861152144
3270678680,0.00036927621861152144
1043211642182328320,0.00036927621861152144
124087958,0.00036927621861152144
334170116,0.00036927621861152144
78807415,0.0007385524372230429
1015930135,0.00036927621861152144
325476794,0.00036927621861152144
18202677,0.00036927621861152144
20314655,0.00036927621861152144
28312691,0.0
720212700,0.0011078286558345643
830589635738816512,0.0007385524372230429
3318895763,0.0
918943909811769344,0.0
21782750,0.0
2251623492,0.0007385524372230429
725387616,0.00036927621861152144
17076940,0.0007385524372230429
1303571503,0.00036927621861152144
143319983,0.00036927621861152144
479013038,0.00036927621861152144
3775401076,0.00036927621861152144
1094048100564365312,0.00036927621861152144
3310895591,0.0
14417382,0.00036927621861152144
1974656552,0.0
4385501957,0.0
1369078711,0.0
3197088767,0.0
696907754275930112,0.0
18675332,0.00036927621861152144
40030538,0.0011078286558345643
2176358690,0.00036927621861152144
356775978,0.0011078286558345643
771681197781053440,0.0011078286558345643
484733763,0.0
10868922,0.00036927621861152144
46922123,0.0007385524372230429
60884801,0.0
579115459,0.00036927621861152144
770233588721868802,0.0
1245061044847947777,0.00036927621861152144
14265641,0.0
438301250,0.00036927621861152144
4712272236,0.0
45675087,0.00036927621861152144
112806109,0.0
520133735,0.0
1030464891830902784,0.0
2968801294,0.0
14968475,0.00036927621861152144
50414506,0.0
3130548765,0.00036927621861152144
551776311,0.0
2272376472,0.0
327032058,0.00036927621861152144
3513474256,0.00036927621861152144
13533662,0.00036927621861152144
264501255,0.0011078286558345643
944905694,0.0
37048037,0.0
2354616571,0.00036927621861152144
9910992,0.00036927621861152144
2803449260,0.0
249695469,0.00036927621861152144
2347049341,0.00036927621861152144
14125868,0.0
1276832114856656896,0.0
14575354,0.0
3036851230,0.0
33474334,0.0011078286558345643
391867472,0.0011078286558345643
731124359117590528,0.00036927621861152144
59913797,0.0
1196193239713353732,0.0
1023751696697028608,0.00036927621861152144
194989299,0.00036927621861152144
564663512,0.0
838464523,0.00036927621861152144
812055605510803456,0.0
163009576,0.0
2576448008,0.0
589300441,0.0007385524372230429
139811295,0.0007385524372230429
3317585532,0.0
408986233,0.0
46932973,0.0
949642445083459585,0.0
372730608,0.00036927621861152144
2854283403,0.0
46350079,0.00036927621861152144
3232640646,0.00036927621861152144
4702018489,0.00036927621861152144
1865461842,0.00036927621861152144
1037384052,0.00036927621861152144
99015174,0.0007385524372230429
2769983813,0.0014771048744460858
834609484781723648,0.00036927621861152144
203070657,0.00036927621861152144
2821170946,0.00036927621861152144
451148485,0.00036927621861152144
399089660,0.00036927621861152144
922354202088759296,0.00036927621861152144
261126954,0.00036927621861152144
873162092819488769,0.0
1079473267,0.0
1004615060,0.0
19395637,0.0
294652384,0.00036927621861152144
85307840,0.00036927621861152144
3186534415,0.00036927621861152144
1978351027,0.0
151303125,0.0007385524372230429
15492359,0.0011078286558345643
65605637,0.0
435727485,0.00036927621861152144
46394850,0.0
117553058,0.00036927621861152144
2328843320,0.0
2798157850,0.0
1245923843119575041,0.00036927621861152144
75392682,0.0
75585288,0.00036927621861152144
779769,0.0
934228950,0.00036927621861152144
1009253378,0.0
193309907,0.0007385524372230429
32872183,0.00036927621861152144
273003435,0.00036927621861152144
465693357,0.0
803003521,0.0
797823007997722624,0.0
84560631,0.00036927621861152144
2413882279,0.00036927621861152144
15159648,0.0014771048744460858
2279201814,0.0
5894872,0.00036927621861152144
2444133930,0.0
736667972123512832,0.00036927621861152144
93957809,0.00036927621861152144
1371476814,0.0
852054291049316352,0.0
1218287414965350401,0.0
3041372326,0.0014771048744460858
561226226,0.00036927621861152144
269301403,0.0011078286558345643
67815277,0.00036927621861152144
1111871,0.00036927621861152144
615595875,0.00036927621861152144
944443345,0.00036927621861152144
202853969,0.0007385524372230429
20536157,0.0011078286558345643
4770618972,0.0
17157367,0.0014771048744460858
238024065,0.00036927621861152144
4827366892,0.0
204123892,0.00036927621861152144
19859014,0.0
45827605,0.00036927621861152144
28245224,0.00036927621861152144
17917382,0.0
18115497,0.0
172260408,0.00036927621861152144
876083623711174657,0.0
188221066,0.00036927621861152144
1217315090,0.00036927621861152144
2382305514,0.0007385524372230429
1962172172,0.00036927621861152144
2385273733,0.00036927621861152144
14339792,0.00036927621861152144
3030560968,0.00036927621861152144
248064213,0.0
3988959013,0.00036927621861152144
47987831,0.0
1194379349803319298,0.0
317158835,0.0
849649723,0.00036927621861152144
712614852263542784,0.0
850170113504325632,0.00036927621861152144
1357389505,0.0
1138704090106646528,0.00036927621861152144
44652450,0.0
17712257,0.00036927621861152144
253734620,0.0
3356531254,0.00036927621861152144
369085369,0.0
2399290873,0.00036927621861152144
16310134,0.00036927621861152144
1643302016,0.00036927621861152144
14761223,0.0007385524372230429
2218900633,0.0007385524372230429
815628453613621248,0.0
972984764,0.0
606265290,0.0
10627282,0.00036927621861152144
977585064,0.00036927621861152144
946591233954033664,0.0
1929876336,0.00036927621861152144
406932163,0.00036927621861152144
898161154169679873,0.0
112415325,0.00036927621861152144
144947577,0.00036927621861152144
861246336,0.00036927621861152144
1064940934528421888,0.0
1932160213,0.0
946028606,0.00036927621861152144
1031837755234549760,0.00036927621861152144
1014561,0.0007385524372230429
375820392,0.00036927621861152144
16579738,0.00036927621861152144
118412527,0.0
450842550,0.0007385524372230429
793688995918024704,0.0
860098587287588864,0.00036927621861152144
859698369765179392,0.0
370102769,0.00036927621861152144
709493676121042945,0.0
899166691652972544,0.0
26329801,0.0
774575,0.00036927621861152144
844218954088435712,0.0
518957746,0.0
1653261366,0.00036927621861152144
4188048952,0.00036927621861152144
272376633,0.00036927621861152144
2199531518,0.00036927621861152144
2378438060,0.00036927621861152144
3102522680,0.00036927621861152144
3565816992,0.00036927621861152144
496430086,0.00036927621861152144
700831074,0.00036927621861152144
53250831,0.0
189495871,0.00036927621861152144
30420908,0.0
822431809,0.00036927621861152144
14266044,0.00036927621861152144
21133730,0.0011078286558345643
133790890,0.00036927621861152144
36448779,0.00036927621861152144
2328954662,0.00036927621861152144
320568816,0.00036927621861152144
14369971,0.00036927621861152144
252411935,0.0
2451712820,0.00036927621861152144
22398002,0.00036927621861152144
47605273,0.0007385524372230429
156204739,0.00036927621861152144
566703294,0.00036927621861152144
544737616,0.0014771048744460858
538326631,0.00036927621861152144
1523858262,0.0
346742249,0.00036927621861152144
4707064313,0.0
10277212,0.0
911963260005552128,0.0
517818047,0.00036927621861152144
3395161438,0.0011078286558345643
14614664,0.00036927621861152144
915721853833900032,0.0
263247974,0.0
1483247714,0.00036927621861152144
126323494,0.00036927621861152144
10383162,0.00036927621861152144
870968012,0.00036927621861152144
4194417913,0.00036927621861152144
919860212,0.00036927621861152144
3053756746,0.0
78969930,0.0014771048744460858
87242603,0.00036927621861152144
117079124,0.00036927621861152144
2711212681,0.00036927621861152144
17278474,0.0
801372548940398593,0.0
8143682,0.0011078286558345643
2995188801,0.0
876785354,0.0
3902819477,0.0
8139122,0.00036927621861152144
2397162947,0.0
95267165,0.0
2475572071,0.00036927621861152144
138562224,0.0
79067151,0.00036927621861152144
961808198,0.0
966411199649808386,0.0011078286558345643
18033550,0.00036927621861152144
2882893927,0.0
7851812,0.0
894723591446687745,0.0
1084900963306098689,0.0
939091,0.00036927621861152144
2475224005,0.0011078286558345643
2189885600,0.0
477030336,0.00036927621861152144
43583452,0.00036927621861152144
13982132,0.00036927621861152144
1319272146963673089,0.0
3513346942,0.0
183575679,0.00036927621861152144
305431714,0.00036927621861152144
34690221,0.0
1301869598481014787,0.0
251149608,0.00036927621861152144
49945724,0.0
93873778,0.00036927621861152144
13507112,0.00036927621861152144
63859619,0.00036927621861152144
1046614848,0.0
1582911193,0.00036927621861152144
464868829,0.0
209100025,0.0
48235638,0.00036927621861152144
3364147025,0.00036927621861152144
275686563,0.00036927621861152144
2371689380,0.0
18874262,0.00036927621861152144
258722513,0.00036927621861152144
135508015,0.00036927621861152144
160741955,0.00036927621861152144
249661913,0.0011078286558345643
1546005282,0.0
2880905121,0.00036927621861152144
52869134,0.00036927621861152144
2329817887,0.00036927621861152144
277298681,0.00036927621861152144
2877269332,0.0
70422392,0.0
85428593,0.0
16113777,0.0
16549460,0.0007385524372230429
618193431,0.0
211916935,0.00036927621861152144
1629889939,0.00036927621861152144
133550954,0.0
1195040516318093312,0.0011078286558345643
19659141,0.00036927621861152144
1049203448783278080,0.0
22129782,0.00036927621861152144
3034892963,0.00036927621861152144
204718713,0.00036927621861152144
949493208702099456,0.0
278359534,0.00036927621861152144
352650313,0.0
409922330,0.0
15045590,0.00036927621861152144
2895714597,0.0
704185699415695360,0.00036927621861152144
250344120,0.0
851254609,0.00036927621861152144
277667306,0.00036927621861152144
314430404,0.00036927621861152144
49911968,0.00036927621861152144
108207407,0.0
14957053,0.0
607311335,0.00036927621861152144
866900373302378503,0.0
101264703,0.00036927621861152144
384747822,0.00036927621861152144
3207393315,0.00036927621861152144
824812182114164736,0.00036927621861152144
2962250933,0.0
1077633912,0.00036927621861152144
15455450,0.0014771048744460858
403677666,0.0
154138518,0.0
42399260,0.00036927621861152144
139008774,0.00036927621861152144
2190533245,0.0014771048744460858
30981656,0.00036927621861152144
150732625,0.00036927621861152144
3511430425,0.00036927621861152144
1603439773,0.00036927621861152144
872274950,0.00036927621861152144
582161546,0.00036927621861152144
771036399671705600,0.0
828064288417779712,0.0
4208606734,0.0
23973296,0.00036927621861152144
248135933,0.00036927621861152144
1280838371682779136,0.0
2881046435,0.0
111258447,0.00036927621861152144
821769650211930112,0.0
996170598056263683,0.00036927621861152144
65915718,0.0007385524372230429
16136478,0.0
1179011991563915264,0.0
18052550,0.0
90830802,0.00036927621861152144
49793,0.0007385524372230429
3158689771,0.00036927621861152144
1894231788,0.00036927621861152144
18506971,0.00036927621861152144
17514022,0.00036927621861152144
1477918760,0.00036927621861152144
59900894,0.00036927621861152144
507704346,0.00036927621861152144
2826508686,0.00036927621861152144
1911204626,0.00036927621861152144
119406189,0.0
17949156,0.00036927621861152144
223380941,0.00036927621861152144
95013770,0.00036927621861152144
15578992,0.00036927621861152144
17354555,0.00036927621861152144
71905822,0.00036927621861152144
263265080,0.00036927621861152144
3780315496,0.00036927621861152144
322711407,0.00036927621861152144
11017332,0.00036927621861152144
2786141198,0.0
16687314,0.00036927621861152144
14757518,0.00036927621861152144
3003392104,0.00036927621861152144
20460664,0.0
39889364,0.0
373951619,0.00036927621861152144
1109067043,0.00036927621861152144
11595422,0.00036927621861152144
337600744,0.00036927621861152144
4347423515,0.0
313348339,0.00036927621861152144
905687730843037696,0.00036927621861152144
2206179206,0.0
4398626122,0.0007385524372230429
718108213078568960,0.0007385524372230429
91523851,0.0
20058825,0.00036927621861152144
2329921,0.0007385524372230429
1582645148,0.0
1169945329053130753,0.0
2549047974,0.00036927621861152144
899783769854320640,0.0
66322723,0.00036927621861152144
933679231220850688,0.0
870764041660190720,0.0
19677430,0.0011078286558345643
54817041,0.00036927621861152144
1182908622113660929,0.00036927621861152144
10752242,0.0
1175299088,0.00036927621861152144
14895163,0.00036927621861152144
1339637532,0.0014771048744460858
5765972,0.00036927621861152144
2803495736,0.0
2827812417,0.0
3230093066,0.00036927621861152144
14749606,0.00036927621861152144
15254807,0.00036927621861152144
1617382039,0.00036927621861152144
268262631,0.00036927621861152144
837214523547353089,0.0
2165646554,0.0014771048744460858
5893702,0.00036927621861152144
710755931227824128,0.00036927621861152144
188723124,0.00036927621861152144
15002894,0.00036927621861152144
7111232,0.00036927621861152144
772574162,0.0007385524372230429
610026759,0.00036927621861152144
17002009,0.0007385524372230429
801934486023782400,0.0
51934480,0.0
70266297,0.00036927621861152144
2550133394,0.0007385524372230429
197362628,0.00036927621861152144
3300677471,0.00036927621861152144
45303184,0.0007385524372230429
904174368,0.00036927621861152144
1710656606,0.00036927621861152144
14677919,0.00036927621861152144
1935675295,0.00036927621861152144
2831695553,0.0
59208209,0.00036927621861152144
19690273,0.00036927621861152144
9271782,0.0007385524372230429
1907881,0.00036927621861152144
41694589,0.00036927621861152144
563979425,0.00036927621861152144
2895307672,0.0
624208322,0.00036927621861152144
348506984,0.00036927621861152144
6107292,0.0
78269677,0.0011078286558345643
790342394675888128,0.0
829903626,0.00036927621861152144
2520999920,0.00036927621861152144
2411276060,0.00036927621861152144
32338210,0.00036927621861152144
14492532,0.00036927621861152144
27224166,0.0
446719282,0.00036927621861152144
260768625,0.00036927621861152144
443602279,0.0
3406278903,0.00036927621861152144
910827588,0.0007385524372230429
16739331,0.0
180463340,0.00036927621861152144
3510179057,0.0
17657107,0.00036927621861152144
36024756,0.00036927621861152144
790451965,0.00036927621861152144
1127358323051749378,0.00036927621861152144
63051202,0.0
376297519,0.00036927621861152144
3221752726,0.0
412270831,0.00036927621861152144
1265795638551212032,0.0007385524372230429
790899349471498240,0.00036927621861152144
182799181,0.00036927621861152144
2979365176,0.00036927621861152144
132453147,0.0
177751401,0.00036927621861152144
2601589496,0.0014771048744460858
131526573,0.00036927621861152144
1195044761322823680,0.0
11773812,0.0
807251568961744896,0.0
39547749,0.00036927621861152144
386277982,0.0007385524372230429
2926864059,0.00036927621861152144
1251073078211178496,0.0
199298537,0.00036927621861152144
297091554,0.00036927621861152144
256644046,0.00036927621861152144
59504716,0.0014771048744460858
1898912480,0.0
101353399,0.0
527454176,0.00036927621861152144
835810382509928450,0.0
960887748,0.00036927621861152144
1202308734,0.0
27818124,0.0
2493328698,0.00036927621861152144
3415205164,0.00036927621861152144
16976496,0.0007385524372230429
485018563,0.00036927621861152144
796368494342316032,0.0
398785862,0.00036927621861152144
573918122,0.00036927621861152144
2876226376,0.0
19710651,0.0
118263124,0.0007385524372230429
1111315973125169152,0.0014771048744460858
508906511,0.00036927621861152144
67383602,0.0
47681517,0.0
994886035086761984,0.0
2842558252,0.00036927621861152144
2653043425,0.0
846672306378326016,0.00036927621861152144
743917727820058626,0.00036927621861152144
831393481465556992,0.0
344725369,0.00036927621861152144
54959293,0.0
904533569749508097,0.00036927621861152144
787338664477134848,0.0
2932027868,0.0
1081289442671902720,0.0
375007888,0.0014771048744460858
80979483,0.0
1441673010,0.00036927621861152144
77436536,0.0
14285650,0.0
4645255754,0.0
3092629269,0.0007385524372230429
339654180,0.00036927621861152144
134061959,0.00036927621861152144
146734981,0.00036927621861152144
436038865,0.0
44973000,0.0014771048744460858
2388819163,0.00036927621861152144
74419325,0.00036927621861152144
856509174473248768,0.0
1017373138500378624,0.00036927621861152144
837051215339008000,0.0
1071412460,0.0
216919545,0.00036927621861152144
16110508,0.00036927621861152144
43006345,0.00036927621861152144
158659687,0.00036927621861152144
7295362,0.0011078286558345643
256353770,0.0
4739335047,0.0
246713978,0.00036927621861152144
382158989,0.0014771048744460858
36966461,0.0
541117509,0.00036927621861152144
315707871,0.00036927621861152144
492216731,0.0
524561395,0.00036927621861152144
273561140,0.0011078286558345643
335829830,0.00036927621861152144
799830497065050112,0.0014771048744460858
5637652,0.00036927621861152144
6459362,0.0
1222193343737794560,0.0
17581976,0.0
17395999,0.00036927621861152144
868437872,0.0
936713855878787074,0.00036927621861152144
836189288572325888,0.00036927621861152144
256879792,0.0
66722583,0.0011078286558345643
332134740,0.0007385524372230429
804563319457660928,0.0
1904734980,0.0
33423759,0.00036927621861152144
253587073,0.0
1269448278,0.0
2427769760,0.0
748179418397421568,0.00036927621861152144
1230692054092529664,0.0
920382882413244417,0.00036927621861152144
717348489215262724,0.0011078286558345643
755513278625898496,0.0
4157611,0.0
191723833,0.00036927621861152144
469631198,0.00036927621861152144
776732741098467328,0.00036927621861152144
917738789233217536,0.0007385524372230429
3732176255,0.0007385524372230429
3304471,0.0014771048744460858
490382218,0.00036927621861152144
1490398796,0.00036927621861152144
822367881547550720,0.0
84036295,0.0
2409117643,0.0
154221292,0.00036927621861152144
17465774,0.0
76336279,0.00036927621861152144
79721713,0.0
2492618120,0.0
22026924,0.0011078286558345643
9719522,0.0
488417933,0.00036927621861152144
1255799724,0.0
260971421,0.0007385524372230429
1212987379692081153,0.0
25481069,0.0011078286558345643
126132953,0.00036927621861152144
308226281,0.0
758175168,0.0
106505501,0.00036927621861152144
2346714074,0.00036927621861152144
2966094221,0.0
512191023,0.0
68475307,0.0
301178769,0.00036927621861152144
308578864,0.00036927621861152144
2289023460,0.0
106856453,0.0011078286558345643
509162767,0.00036927621861152144
50269516,0.00036927621861152144
1014471,0.00036927621861152144
17043428,0.00036927621861152144
32856732,0.0
877823703249068032,0.0
14538236,0.00036927621861152144
342578839,0.00036927621861152144
272623675,0.00036927621861152144
299858686,0.00036927621861152144
190754693,0.00036927621861152144
76966092,0.00036927621861152144
562222972,0.0
739854925560156160,0.00036927621861152144
258465487,0.00036927621861152144
3005431923,0.00036927621861152144
112202046,0.0007385524372230429
796877583455555584,0.0
969392138076041216,0.00036927621861152144
384759698,0.0
4027105402,0.0007385524372230429
45598113,0.00036927621861152144
3081585501,0.00036927621861152144
2271904531,0.00036927621861152144
1284042607,0.00036927621861152144
20384956,0.00036927621861152144
88673826,0.00036927621861152144
76937615,0.00036927621861152144
1442906958,0.00036927621861152144
264132382,0.00036927621861152144
822933216206188544,0.00036927621861152144
139355216,0.00036927621861152144
2714310207,0.0
113125584,0.00036927621861152144
348011201,0.0
2864356347,0.00036927621861152144
274609987,0.00036927621861152144
172179385,0.00036927621861152144
59780450,0.00036927621861152144
891725802,0.00036927621861152144
1426135280,0.0
234058792,0.00036927621861152144
467852343,0.0
19341622,0.0007385524372230429
87473622,0.0007385524372230429
268025507,0.00036927621861152144
2916305152,0.00036927621861152144
792460428005605376,0.00036927621861152144
289222668,0.00036927621861152144
167735563,0.0
393675585,0.0014771048744460858
18033313,0.00036927621861152144
42614814,0.0
342569184,0.00036927621861152144
111373125,0.00036927621861152144
771427581992185856,0.0
193935341,0.0007385524372230429
318093688,0.00036927621861152144
1677808003,0.0
2373145729,0.0
1251232344947613701,0.0
15225375,0.00036927621861152144
26607837,0.00036927621861152144
341000847,0.0014771048744460858
3341697257,0.0
137394430,0.0
3128829965,0.0014771048744460858
158751132,0.00036927621861152144
2730017576,0.0
1077070220332740608,0.0
395990396,0.00036927621861152144
66821479,0.0
82095610,0.00036927621861152144
1108685535088771073,0.0
207770279,0.00036927621861152144
281448138,0.00036927621861152144
3298523377,0.0
9533042,0.00036927621861152144
93903085,0.0
350164545,0.00036927621861152144
1154319646780272641,0.00036927621861152144
20436576,0.00036927621861152144
294599794,0.00036927621861152144
534290225,0.00036927621861152144
247943231,0.00036927621861152144
838930153665363968,0.0
2353222800,0.0
3083042302,0.0
337886919,0.00036927621861152144
15068044,0.0
3309394037,0.0
2706892358,0.0
3018358499,0.0
52671862,0.0
59273937,0.00036927621861152144
55247494,0.00036927621861152144
1848037524,0.00036927621861152144
1019194066855006208,0.00036927621861152144
817382,0.00036927621861152144
188029486,0.0
2288970024,0.00036927621861152144
2251030016,0.0
842043337687289856,0.00036927621861152144
157920406,0.0
202626872,0.0
4890000754,0.00036927621861152144
44196397,0.0011078286558345643
28165790,0.0007385524372230429
20644989,0.00036927621861152144
19739240,0.00036927621861152144
4742002531,0.0007385524372230429
2354542969,0.0007385524372230429
106064139,0.00036927621861152144
716643191072628736,0.0
3240349167,0.0
1241258612,0.00036927621861152144
15581480,0.00036927621861152144
9571292,0.00036927621861152144
29277960,0.00036927621861152144
79764713,0.0
14583400,0.00036927621861152144
761153954809913344,0.0
1084212657761148928,0.00036927621861152144
436837074,0.0
540985738,0.00036927621861152144
22749856,0.00036927621861152144
5734242,0.0011078286558345643
1053292116,0.00036927621861152144
319135326,0.00036927621861152144
267249771,0.00036927621861152144
19626509,0.00036927621861152144
1039052508193284096,0.0007385524372230429
245548093,0.00036927621861152144
3130629970,0.00036927621861152144
4883900442,0.0
769823624308092928,0.0
265422963,0.00036927621861152144
32942338,0.0007385524372230429
49287656,0.00036927621861152144
1166366776625467393,0.0
139507464,0.0
2196922086,0.00036927621861152144
259403751,0.00036927621861152144
436122215,0.0
2898184305,0.00036927621861152144
383365753,0.0
78269397,0.0007385524372230429
2190753169,0.0
126352685,0.00036927621861152144
16868154,0.0014771048744460858
15192127,0.00036927621861152144
1106015165969924096,0.00036927621861152144
972494379754688518,0.0
206292087,0.00036927621861152144
2575365842,0.00036927621861152144
1770311,0.00036927621861152144
377344523,0.00036927621861152144
479798490,0.00036927621861152144
129746032,0.00036927621861152144
23666107,0.00036927621861152144
1320653768346816512,0.0
15247794,0.00036927621861152144
737882640,0.0
2422189058,0.0007385524372230429
398537509,0.00036927621861152144
739565869433524225,0.0
458399248,0.00036927621861152144
831503418376146946,0.00036927621861152144
3007913925,0.0
3107826244,0.0007385524372230429
940441783,0.0
226298062,0.0
838701223113068544,0.0
358026989,0.00036927621861152144
2988561009,0.00036927621861152144
551653007,0.00036927621861152144
131498466,0.00036927621861152144
1162690737516863494,0.0
15376357,0.00036927621861152144
14697496,0.0007385524372230429
17015268,0.00036927621861152144
725639768663576576,0.00036927621861152144
81875677,0.00036927621861152144
616564407,0.00036927621861152144
854719703545253888,0.0
145637517,0.00036927621861152144
197313522,0.00036927621861152144
2987533553,0.0
18059898,0.0007385524372230429
700064764,0.00036927621861152144
2981463028,0.0
1153956919,0.0
9632312,0.0007385524372230429
852083180182147072,0.00036927621861152144
833597084167122945,0.0
39781270,0.0
52352322,0.00036927621861152144
369440364,0.00036927621861152144
303048766,0.00036927621861152144
2676313880,0.0007385524372230429
2424287186,0.00036927621861152144
495430242,0.0007385524372230429
12486432,0.0
19081001,0.00036927621861152144
778982023415291904,0.0
10759032,0.0007385524372230429
4854858064,0.0
2538081673,0.0
3234931837,0.00036927621861152144
1669374084,0.0
920700510306529280,0.0007385524372230429
248721193,0.0
20747847,0.00036927621861152144
2717694091,0.00036927621861152144
219293337,0.0
246318475,0.00036927621861152144
159421391,0.0
1289974182755762176,0.0
762093631,0.0011078286558345643
20926161,0.00036927621861152144
15573348,0.00036927621861152144
26549850,0.0
887627169765130241,0.0
116655482,0.00036927621861152144
431192409,0.0
743340014214352896,0.00036927621861152144
1144823372158767104,0.0
14616323,0.0
481094172,0.00036927621861152144
533149076,0.00036927621861152144
1086604922,0.0011078286558345643
908589103737950208,0.0
623575404,0.0
467004982,0.00036927621861152144
848152044137574401,0.0
53079180,0.00036927621861152144
216939636,0.0014771048744460858
898565245484105732,0.00036927621861152144
49438224,0.00036927621861152144
2315608478,0.0
791230655367700480,0.00036927621861152144
190006526,0.00036927621861152144
388144129,0.00036927621861152144
743856512,0.00036927621861152144
1062729727,0.00036927621861152144
114485232,0.0011078286558345643
4901700861,0.00036927621861152144
3147145875,0.00036927621861152144
831290691712004096,0.00036927621861152144
34999723,0.0
87818409,0.00036927621861152144
742643587108605952,0.0
4329329968,0.00036927621861152144
2240528131,0.00036927621861152144
1850752598,0.00036927621861152144
916364161415892992,0.00036927621861152144
73147282,0.00036927621861152144
1111730640762875907,0.0007385524372230429
96962998,0.00036927621861152144
382393,0.00036927621861152144
36515907,0.00036927621861152144
2515540081,0.00036927621861152144
701026341500690432,0.0
14451127,0.0014771048744460858
199597043,0.0
4083688114,0.00036927621861152144
4353971122,0.00036927621861152144
22994885,0.00036927621861152144
1074807847,0.00036927621861152144
604779041,0.0
778607,0.00036927621861152144
1143038206335737856,0.00036927621861152144
73509664,0.0
2839825685,0.00036927621861152144
568542838,0.00036927621861152144
4663308149,0.0
240316759,0.0
16867526,0.00036927621861152144
73343,0.00036927621861152144
49977240,0.00036927621861152144
130667410,0.0
917259707236208640,0.0
1308409993213943809,0.00036927621861152144
48457557,0.0
984363152958685184,0.0
264103867,0.0
3233792564,0.00036927621861152144
26014256,0.00036927621861152144
46508246,0.0
1233080567727521792,0.0
403731744,0.00036927621861152144
186404598,0.00036927621861152144
106023728,0.00036927621861152144
633,0.00036927621861152144
1178221893616308224,0.0
15862919,0.0
585390634,0.0
6763242,0.0
101711550,0.0
941478255789457408,0.00036927621861152144
1605423500,0.0
761072228028911618,0.0
25037133,0.00036927621861152144
54875928,0.0011078286558345643
44583317,0.0
6057982,0.00036927621861152144
4460137405,0.0
713395522095210496,0.0
22952866,0.00036927621861152144
153439378,0.00036927621861152144
2983902143,0.00036927621861152144
485865743,0.0014771048744460858
2797743527,0.0
2887723143,0.00036927621861152144
73001375,0.0
16684149,0.0
323616054,0.0
1517068255,0.0
49719781,0.00036927621861152144
871687740,0.00036927621861152144
549833457,0.0007385524372230429
354009660,0.0
557553364,0.00036927621861152144
372843212,0.00036927621861152144
289560192,0.00036927621861152144
33836629,0.00036927621861152144
195658424,0.00036927621861152144
4149032843,0.0007385524372230429
1891806212,0.0011078286558345643
14862794,0.00036927621861152144
2321117354,0.0
780174132,0.0
1877046548,0.00036927621861152144
433873132,0.00036927621861152144
1567085737,0.0
50607971,0.0
374433827,0.00036927621861152144
125792630,0.00036927621861152144
21991908,0.00036927621861152144
15169938,0.00036927621861152144
16134540,0.0007385524372230429
742143,0.00036927621861152144
879014078932504577,0.00036927621861152144
2494212979,0.00036927621861152144
1037864733360226304,0.0
61143806,0.00036927621861152144
2459299508,0.00036927621861152144
80422885,0.00036927621861152144
234321271,0.0007385524372230429
562363,0.0
3008322017,0.00036927621861152144
87476034,0.0007385524372230429
442245081,0.00036927621861152144
17503180,0.0007385524372230429
771363829556977665,0.0
118748199,0.00036927621861152144
24046380,0.00036927621861152144
253609062,0.0
33993797,0.00036927621861152144
1219230275198058497,0.0
2525616956,0.0
2228576226,0.0
2244880545,0.00036927621861152144
203250712,0.00036927621861152144
15156540,0.00036927621861152144
951237270044069888,0.00036927621861152144
884180960,0.00036927621861152144
1136467769199910912,0.0
190161488,0.0011078286558345643
16895951,0.00036927621861152144
1229540217595387904,0.00036927621861152144
29951831,0.00036927621861152144
581406453,0.00036927621861152144
1734575215,0.0007385524372230429
219728708,0.0
38277726,0.0
3375552377,0.0
17078917,0.0011078286558345643
16507835,0.00036927621861152144
19540483,0.00036927621861152144
193227076,0.00036927621861152144
21769127,0.00036927621861152144
810173876466515968,0.00036927621861152144
174072879,0.00036927621861152144
84653850,0.00036927621861152144
104892871,0.00036927621861152144
59481357,0.0011078286558345643
26280712,0.00036927621861152144
352053266,0.0007385524372230429
975115762712096768,0.0
333410580,0.00036927621861152144
1562578862,0.0007385524372230429
1441677282,0.00036927621861152144
1017171853914333185,0.0
137745777,0.0
2776164847,0.00036927621861152144
37788263,0.00036927621861152144
17839109,0.0011078286558345643
70900164,0.00036927621861152144
748315519674048512,0.0
18843675,0.00036927621861152144
1851621,0.00036927621861152144
45820175,0.00036927621861152144
1040124415151726592,0.0
153327232,0.0007385524372230429
40380303,0.0
131947210,0.0
142724647,0.0
2025101,0.00036927621861152144
151581782,0.0
571202103,0.0007385524372230429
201194687,0.0011078286558345643
221460294,0.00036927621861152144
16621479,0.0
2835276183,0.00036927621861152144
711001600567828481,0.0
1471694196,0.0
73719913,0.00036927621861152144
1377476875,0.0
14794109,0.0
25864331,0.00036927621861152144
31442869,0.00036927621861152144
947311503216066560,0.0011078286558345643
109613064,0.00036927621861152144
807261497500069888,0.00036927621861152144
2821616774,0.00036927621861152144
547871798,0.0007385524372230429
14488805,0.00036927621861152144
159342110,0.00036927621861152144
1535439446,0.00036927621861152144
1936953062,0.00036927621861152144
179797676,0.00036927621861152144
34227622,0.00036927621861152144
13235832,0.00036927621861152144
16851370,0.00036927621861152144
475026877,0.00036927621861152144
343587148,0.0
15926727,0.00036927621861152144
48677032,0.0014771048744460858
637087464,0.00036927621861152144
79703784,0.00036927621861152144
4718039356,0.0
47562075,0.00036927621861152144
458079606,0.00036927621861152144
2734776646,0.0
839139788846411777,0.0
997784960,0.00036927621861152144
52414554,0.0
839446682819563520,0.0
3246646347,0.0007385524372230429
2974389209,0.0
41667342,0.0011078286558345643
28822067,0.00036927621861152144
263483174,0.00036927621861152144
6365342,0.00036927621861152144
109598348,0.0007385524372230429
334516778,0.0
1479360883,0.00036927621861152144
1530894998,0.00036927621861152144
772871943577931776,0.00036927621861152144
11867332,0.00036927621861152144
281945877,0.0
537014740,0.00036927621861152144
3015605477,0.0
224495471,0.00036927621861152144
2832694608,0.0
2457267950,0.00036927621861152144
15808647,0.00036927621861152144
26000689,0.00036927621861152144
114738098,0.0
433226744,0.00036927621861152144
2417892751,0.0
1148595838664552451,0.0
216703645,0.00036927621861152144
3751854082,0.00036927621861152144
19888273,0.00036927621861152144
917421341359464450,0.0
924426975330160641,0.0
1287104705185939456,0.00036927621861152144
793483735018504192,0.00036927621861152144
16596200,0.00036927621861152144
734735999029383168,0.00036927621861152144
906922846412267521,0.0
39237580,0.00036927621861152144
1148229403,0.00036927621861152144
431764698,0.00036927621861152144
166739404,0.00036927621861152144
133806972,0.00036927621861152144
3160109092,0.0
18485339,0.00036927621861152144
160246849,0.0
320603385,0.00036927621861152144
955493794669121537,0.0
1551361069,0.00036927621861152144
402875257,0.00036927621861152144
27104786,0.00036927621861152144
352248891,0.0
44595708,0.0
284858667,0.00036927621861152144
327066310,0.0
14146389,0.00036927621861152144
2322434384,0.0007385524372230429
4786709654,0.00036927621861152144
2492690671,0.00036927621861152144
702513144782950400,0.0
497181885,0.00036927621861152144
833624768800817152,0.0
3077138539,0.0
8123222,0.00036927621861152144
476700973,0.00036927621861152144
1721425735,0.0
37715152,0.0
200083348,0.00036927621861152144
1035524448319885312,0.00036927621861152144
17855686,0.00036927621861152144
455428885,0.00036927621861152144
166499569,0.00036927621861152144
135047672,0.00036927621861152144
2435317801,0.00036927621861152144
15378449,0.0011078286558345643
1044869316288696320,0.00036927621861152144
14301911,0.00036927621861152144
28077022,0.0
16953723,0.00036927621861152144
44860754,0.0
1313137113454579717,0.00036927621861152144
220017829,0.0
45101319,0.0
1101500498564313090,0.0007385524372230429
40156543,0.0007385524372230429
2502662672,0.00036927621861152144
2310390416,0.0
301941645,0.0007385524372230429
3339046197,0.0
27018274,0.0
94642927,0.00036927621861152144
817845968,0.00036927621861152144
781751446362468353,0.0
17383073,0.00036927621861152144
271485168,0.00036927621861152144
2269512362,0.0
