id,Outdegree Centrality
27493489,0.00036927621861152144
551951577,0.0007385524372230429
4873684235,0.00036927621861152144
228130177,0.0
1894582058,0.00036927621861152144
1089302341,0.00036927621861152144
16042588,0.00036927621861152144
15089078,0.0
3620548396,0.0
2754814433,0.00036927621861152144
2587163612,0.0
44953355,0.0
838141984053284864,0.00036927621861152144
37162329,0.00036927621861152144
2996506102,0.00036927621861152144
3091376321,0.0
891193292385288193,0.00036927621861152144
404376053,0.0
1204339794471538688,0.00036927621861152144
769507902897856512,0.00036927621861152144
197481317,0.00036927621861152144
33284619,0.0
24603962,0.0
1663172653,0.0
1280804221,0.00036927621861152144
287275780,0.00036927621861152144
1251059396991311872,0.00036927621861152144
419395379,0.0
19659370,0.23005908419497786
412155441,0.0
72474729,0.0
15962096,0.0
436609034,0.00036927621861152144
2372636521,0.00036927621861152144
1853174220,0.00036927621861152144
631705640,0.00036927621861152144
889657085868298240,0.00036927621861152144
5848122,0.0
794790254,0.0
3079899620,0.00036927621861152144
25268217,0.0
2230151202,0.0
1038481676,0.0
3085799703,0.0
15518172,0.00036927621861152144
200630242,0.0
27131901,0.0
94732055,0.0014771048744460858
143187995,0.00036927621861152144
3331252607,0.00036927621861152144
825382759,0.0
373974821,0.00036927621861152144
705504146808565760,0.00036927621861152144
755397390,0.0
18384521,0.0
755733488851189760,0.0
928760788306878464,0.0
390380093,0.00036927621861152144
7368332,0.00036927621861152144
561642136,0.0
1065937815022837760,0.00036927621861152144
577243493,0.00036927621861152144
464907377,0.00036927621861152144
58558979,0.00036927621861152144
252988497,0.0
1580058000,0.0
190778398,0.00036927621861152144
1640671358,0.00036927621861152144
14293310,0.0
331076291,0.00036927621861152144
1934999587,0.00036927621861152144
427218827,0.00036927621861152144
2381066016,0.00036927621861152144
101045085,0.0011078286558345643
82541893,0.00036927621861152144
3384319941,0.00036927621861152144
126274094,0.00036927621861152144
399935607,0.0
43973475,0.0
1190682302977859584,0.00036927621861152144
119711344,0.0
12755532,0.00036927621861152144
84351228,0.0
2360762586,0.0
404100683,0.00036927621861152144
841854020058677252,0.0
20356196,0.00036927621861152144
889461651673690112,0.00036927621861152144
512785206,0.00036927621861152144
1065173952664952837,0.00036927621861152144
763432576375779328,0.0
3026571023,0.0
706980266879946752,0.0
3332231,0.0007385524372230429
512594470,0.00036927621861152144
325755342,0.0
1382732563,0.0
17705769,0.00036927621861152144
26240101,0.00036927621861152144
2754412213,0.00036927621861152144
2153743237,0.0
2394417954,0.00036927621861152144
51023058,0.0007385524372230429
5943622,0.0
14622066,0.0
1322931373,0.0007385524372230429
2815077014,0.0
3305766383,0.00036927621861152144
1206594224537448449,0.00036927621861152144
3411494596,0.0
9320372,0.0
64732883,0.00036927621861152144
1067977726118682625,0.00036927621861152144
125721127,0.00036927621861152144
2424680826,0.00036927621861152144
1991321,0.0
994300581291282432,0.00036927621861152144
1121934716,0.0007385524372230429
27990587,0.0
2872651869,0.00036927621861152144
55612967,0.00036927621861152144
2903681001,0.0
130671142,0.0014771048744460858
15333148,0.00036927621861152144
68443905,0.00036927621861152144
298982411,0.00036927621861152144
1061582051449557003,0.00036927621861152144
48062712,0.0
119512412,0.0007385524372230429
1425336134,0.00036927621861152144
2895770934,0.0
79128388,0.00036927621861152144
108334890,0.0
17600799,0.00036927621861152144
2176025565,0.00036927621861152144
911454651417088000,0.00036927621861152144
47325650,0.0
1110855455696314368,0.00036927621861152144
142293342,0.00036927621861152144
30030112,0.00036927621861152144
1351611290,0.00036927621861152144
897060827316072448,0.0
8220532,0.0
1264438328,0.00036927621861152144
57320656,0.0
118056286,0.0
16102444,0.00036927621861152144
3435577992,0.00036927621861152144
212276623,0.00036927621861152144
1173370158,0.0
2986305078,0.0
2560958309,0.00036927621861152144
26212951,0.00036927621861152144
71167669,0.00036927621861152144
569382995,0.00036927621861152144
400804254,0.0011078286558345643
50706020,0.00036927621861152144
108434901,0.0
37622738,0.00036927621861152144
419071399,0.0
4728720725,0.0
310741473,0.00036927621861152144
103810205,0.0
2544161559,0.00036927621861152144
583637312,0.00036927621861152144
3405424143,0.00036927621861152144
46092394,0.00036927621861152144
567383651,0.00036927621861152144
632815919,0.00036927621861152144
1228726773078208512,0.00036927621861152144
781676758932262912,0.0
456853606,0.0
879077538525396992,0.00036927621861152144
1255539999467958272,0.00036927621861152144
1259983955408744449,0.0
2807461219,0.00036927621861152144
1432662902,0.0
2427734180,0.00036927621861152144
787149253302812672,0.0
114407120,0.00036927621861152144
897568340075479040,0.00036927621861152144
2922679556,0.0
1246421,0.00036927621861152144
1026754771087110144,0.0
4863093417,0.00036927621861152144
194324277,0.00036927621861152144
809193212,0.00036927621861152144
361281600,0.0
450594910,0.00036927621861152144
41259586,0.0
2890969865,0.00036927621861152144
2239534928,0.00036927621861152144
61111487,0.0
186764685,0.00036927621861152144
19722699,0.0
196476038,0.0
150622632,0.0
78912282,0.00036927621861152144
709543955126333440,0.0
11939852,0.00036927621861152144
56510427,0.0
337797562,0.00036927621861152144
216016685,0.0
201275909,0.0011078286558345643
414978578,0.0
2842688136,0.00036927621861152144
747665252,0.00036927621861152144
288995692,0.0
296312612,0.0
3293206151,0.0007385524372230429
200163448,0.0
243082126,0.00036927621861152144
1014722412,0.00036927621861152144
126062970,0.00036927621861152144
3317549893,0.00036927621861152144
39697728,0.0011078286558345643
714783310954774529,0.00036927621861152144
1048018930785083392,0.0
262191481,0.00036927621861152144
896676717603028992,0.00036927621861152144
714365137365426176,0.00036927621861152144
3272004860,0.00036927621861152144
2203092098,0.00036927621861152144
852962413,0.00036927621861152144
2607616422,0.0
52059998,0.0007385524372230429
721931072,0.0
71502653,0.00036927621861152144
1057715900,0.0
55044770,0.00036927621861152144
2700931729,0.00036927621861152144
122127763,0.0
14784786,0.00036927621861152144
3242397351,0.00036927621861152144
6355402,0.0007385524372230429
8077952,0.0
349172730,0.0
30339571,0.00036927621861152144
33864359,0.0
373580725,0.00036927621861152144
114773847,0.0
810893744593584128,0.0014771048744460858
73926321,0.00036927621861152144
250055606,0.00036927621861152144
61302699,0.00036927621861152144
21324520,0.00036927621861152144
1652541,0.0
1140577345973170177,0.00036927621861152144
40090727,0.0
3270447613,0.00036927621861152144
14657345,0.00036927621861152144
80269062,0.00036927621861152144
27375578,0.00036927621861152144
173431194,0.00036927621861152144
91367103,0.0
2606773789,0.00036927621861152144
14978945,0.00036927621861152144
46496916,0.0
856684314,0.00036927621861152144
308456550,0.00036927621861152144
16976682,0.0
10313732,0.0
972987874613366784,0.00036927621861152144
2274780686,0.00036927621861152144
25134469,0.0011078286558345643
3239238377,0.00036927621861152144
2613410444,0.00036927621861152144
2209063952,0.00036927621861152144
14553715,0.0
26092949,0.00036927621861152144
16079826,0.00036927621861152144
102609059,0.00036927621861152144
14998112,0.0
1494913634,0.0007385524372230429
68351679,0.00036927621861152144
8719472,0.0
12035282,0.0
1301154075434606598,0.00036927621861152144
29735775,0.0
2303160649,0.0
891731882,0.0
59263220,0.0
90626911,0.00036927621861152144
546315483,0.0
167169119,0.0
22514268,0.0
127894322,0.0007385524372230429
305474242,0.0007385524372230429
33861957,0.0
2278288488,0.00036927621861152144
3275322876,0.0
390324658,0.00036927621861152144
338526004,0.00036927621861152144
5763912,0.00036927621861152144
600067712,0.00036927621861152144
33970089,0.00036927621861152144
39321347,0.0
1303427371,0.00036927621861152144
372830899,0.0
1168926603855958017,0.00036927621861152144
153004670,0.0
1214864022572425217,0.0007385524372230429
563947963,0.00036927621861152144
114045446,0.0
3237012607,0.00036927621861152144
25624456,0.00036927621861152144
7990062,0.00036927621861152144
344956335,0.0
4531194259,0.00036927621861152144
485447824,0.00036927621861152144
2232721860,0.0
489677804,0.0
809848752,0.00036927621861152144
12414242,0.00036927621861152144
266717381,0.0
109640788,0.0
91440853,0.00036927621861152144
1367458171,0.00036927621861152144
515192228,0.00036927621861152144
45412709,0.00036927621861152144
391247062,0.00036927621861152144
1685766865,0.00036927621861152144
2312790332,0.0
121709074,0.00036927621861152144
2874803443,0.00036927621861152144
22597445,0.00036927621861152144
56318966,0.0
955599008,0.0
43526978,0.00036927621861152144
45321027,0.0
972651,0.0
3439304543,0.00036927621861152144
2215006026,0.00036927621861152144
2813275219,0.00036927621861152144
700999301514686464,0.00036927621861152144
188756842,0.00036927621861152144
1562518867,0.0
605012771,0.0
110509537,0.0
2810375782,0.0
136142062,0.00036927621861152144
58324434,0.0
917284226269052928,0.00036927621861152144
2960317030,0.00036927621861152144
1238826270,0.00036927621861152144
4833032980,0.00036927621861152144
597499972,0.0
388752038,0.0
60959947,0.00036927621861152144
2444229696,0.0
3361359683,0.00036927621861152144
23055193,0.00036927621861152144
918158086858211329,0.00036927621861152144
4897300665,0.00036927621861152144
22752868,0.00036927621861152144
155505157,0.0
81381560,0.0
1014199723031449600,0.0
1168,0.0
402143587,0.0
19411223,0.0
408717162,0.00036927621861152144
299659731,0.00036927621861152144
245907225,0.00036927621861152144
1930184042,0.00036927621861152144
598232506,0.0
204297410,0.0
942684527754989568,0.00036927621861152144
780874432927719424,0.00036927621861152144
514667085,0.0011078286558345643
1054280867512705025,0.00036927621861152144
36049907,0.00036927621861152144
27171750,0.00036927621861152144
4874161629,0.0007385524372230429
635986661,0.0
299807081,0.00036927621861152144
553436328,0.00036927621861152144
163363440,0.00036927621861152144
273921060,0.00036927621861152144
1155634482629791746,0.0007385524372230429
194399316,0.0
92593701,0.00036927621861152144
266028681,0.0
301037777,0.00036927621861152144
72102865,0.00036927621861152144
1244079788,0.0
534255106,0.0
1350732349,0.0
55858928,0.0
2318099514,0.00036927621861152144
943676329,0.00036927621861152144
394665897,0.00036927621861152144
20581429,0.0
110420616,0.0
224209816,0.0007385524372230429
117652722,0.0
151208743,0.00036927621861152144
259906731,0.0
377983647,0.00036927621861152144
313140358,0.0
313444531,0.0
19486877,0.0
11164692,0.0
9507112,0.0
14511951,0.0
327122348,0.0
2540678306,0.0
46131106,0.0007385524372230429
405384428,0.0
22843337,0.0
42909798,0.0
431210487,0.00036927621861152144
53654934,0.00036927621861152144
93494670,0.0
2591662868,0.0
20887537,0.0
1148895885729947648,0.00036927621861152144
3120886937,0.00036927621861152144
146195370,0.0007385524372230429
14707794,0.0
19204539,0.00036927621861152144
299394773,0.0
1227698863,0.0
1622761998,0.00036927621861152144
561277962,0.00036927621861152144
84560252,0.00036927621861152144
162124540,0.0
774076183461892096,0.00036927621861152144
1166221754,0.00036927621861152144
14049302,0.00036927621861152144
89774258,0.0
75525450,0.00036927621861152144
2998896042,0.0
257691637,0.0007385524372230429
95630269,0.00036927621861152144
569790116,0.0
134072288,0.0
243479125,0.0
606214834,0.00036927621861152144
16674284,0.00036927621861152144
393652166,0.0
2816046521,0.0
108989193,0.00036927621861152144
65184105,0.0
48448084,0.00036927621861152144
19058451,0.00036927621861152144
11069462,0.00036927621861152144
3035143127,0.00036927621861152144
1251034648492138498,0.00036927621861152144
37069005,0.00036927621861152144
1060157776477982721,0.0
2752564758,0.00036927621861152144
22132438,0.0007385524372230429
608052226,0.00036927621861152144
341258707,0.0
1072910977,0.00036927621861152144
1605951265,0.00036927621861152144
553729228,0.0
1290762290224984064,0.0
2383802810,0.0
417189950,0.00036927621861152144
115494880,0.0
415798356,0.00036927621861152144
1527461,0.00036927621861152144
1043021486,0.00036927621861152144
1556357336,0.0014771048744460858
398092540,0.0
112829445,0.0
1246201593755660288,0.0
7905122,0.0
596203049,0.0
202740551,0.00036927621861152144
396680992,0.00036927621861152144
296459271,0.0
934851466082357249,0.0011078286558345643
23818581,0.0
954235769618538496,0.00036927621861152144
65423884,0.00036927621861152144
932582571338321920,0.00036927621861152144
2713275441,0.0
2900424513,0.00036927621861152144
301709965,0.00036927621861152144
1023096199,0.0
47725447,0.0
14494523,0.00036927621861152144
101764664,0.00036927621861152144
828625466,0.00036927621861152144
743908703863083008,0.0007385524372230429
7466492,0.0
1055893919597133824,0.0
821666958680719361,0.00036927621861152144
92071137,0.0007385524372230429
49556240,0.00036927621861152144
13056322,0.0
1434631356,0.0
61187211,0.00036927621861152144
82337208,0.00036927621861152144
103835763,0.00036927621861152144
14874480,0.0
3946229836,0.0007385524372230429
17053944,0.0
839149376643686401,0.00036927621861152144
3036907250,0.09453471196454949
26711278,0.00036927621861152144
289284899,0.00036927621861152144
419946721,0.00036927621861152144
1174325520294715392,0.00036927621861152144
777648349,0.00036927621861152144
3621255616,0.00036927621861152144
2842839092,0.0
6844292,0.0
822143767,0.00036927621861152144
70819203,0.0
8746072,0.0
278482863,0.0
91697719,0.00036927621861152144
2320791044,0.0
99473901,0.0
23761309,0.00036927621861152144
885944485615738881,0.0007385524372230429
9541832,0.0
192931240,0.0
305236970,0.0
838131126002728960,0.00036927621861152144
774324193928351744,0.00036927621861152144
474233138,0.0
16273541,0.0
789107706397196288,0.00036927621861152144
34698700,0.00036927621861152144
185263153,0.00036927621861152144
1123336792021897216,0.0
616219267,0.00036927621861152144
15521075,0.0
998279534947586048,0.00036927621861152144
828489290,0.00036927621861152144
831922344,0.00036927621861152144
57246759,0.0
134765219,0.0
18238570,0.00036927621861152144
1734817550,0.00036927621861152144
124319949,0.00036927621861152144
2544647385,0.00036927621861152144
9316452,0.0
1081076050061213697,0.00036927621861152144
15056816,0.0
327301533,0.00036927621861152144
13284672,0.00036927621861152144
55517828,0.0
2386023224,0.00036927621861152144
11649702,0.00036927621861152144
388212968,0.0
570072860,0.0
854581958,0.0
720389270335135745,0.0
101818541,0.00036927621861152144
2989739661,0.00036927621861152144
925565433679298560,0.00036927621861152144
142837256,0.0
1468634743,0.00036927621861152144
253973566,0.00036927621861152144
871920132641173504,0.00036927621861152144
468825579,0.00036927621861152144
14208224,0.00036927621861152144
58880930,0.0007385524372230429
192854350,0.0
191728278,0.00036927621861152144
435462176,0.0
2166992210,0.0
317727341,0.0
1855871,0.00036927621861152144
14294701,0.00036927621861152144
605027292,0.00036927621861152144
1095972841,0.0
3988215194,0.00036927621861152144
1620225060,0.00036927621861152144
354801923,0.00036927621861152144
950072183031771136,0.00036927621861152144
44217911,0.0
1002193231,0.0007385524372230429
1379105228,0.00036927621861152144
224379103,0.0
16387111,0.00036927621861152144
370597692,0.00036927621861152144
951844723,0.00036927621861152144
984135577208373249,0.0
3482836634,0.0
461578921,0.0
49976458,0.0
19811190,0.0
2572511777,0.00036927621861152144
4053818032,0.00036927621861152144
802182440,0.00036927621861152144
262236415,0.00036927621861152144
452909538,0.0
15468474,0.0
948483885209477121,0.00036927621861152144
39618125,0.00036927621861152144
1297170244658552838,0.00036927621861152144
2685989162,0.00036927621861152144
32246103,0.00036927621861152144
147299961,0.00036927621861152144
195525587,0.00036927621861152144
3761306416,0.0007385524372230429
40389352,0.00036927621861152144
1168865024674357248,0.00036927621861152144
2859068332,0.0
1557796237,0.00036927621861152144
8762122,0.00036927621861152144
293483941,0.00036927621861152144
20640711,0.00036927621861152144
1553685114,0.00036927621861152144
1189744336415723520,0.0
1267637312,0.00036927621861152144
2455929786,0.0
312131328,0.00036927621861152144
40903402,0.00036927621861152144
41974909,0.00036927621861152144
1728795440,0.0
29866761,0.0
20621579,0.0
14162048,0.0
43652382,0.0
3051698888,0.00036927621861152144
2236856634,0.0
257618993,0.0
1972411447,0.0007385524372230429
827392886,0.00036927621861152144
20225119,0.00036927621861152144
6015842,0.00036927621861152144
470416893,0.00036927621861152144
735447938214678529,0.0
1171878193114025987,0.00036927621861152144
4025609913,0.00036927621861152144
93781753,0.0011078286558345643
838601156737654784,0.0
44106240,0.0
157238371,0.00036927621861152144
164233384,0.0
19380829,0.0
150346051,0.00036927621861152144
16044272,0.0
555461978,0.00036927621861152144
45794386,0.00036927621861152144
3892710581,0.00036927621861152144
29716049,0.0
116897811,0.0011078286558345643
814980524200566784,0.00036927621861152144
2178067878,0.00036927621861152144
735809541456027648,0.00036927621861152144
1014974716359081988,0.00036927621861152144
12160482,0.00036927621861152144
2249121151,0.00036927621861152144
175529610,0.0
36347948,0.00036927621861152144
427431943,0.0007385524372230429
2522143308,0.00036927621861152144
409890910,0.0
220378862,0.00036927621861152144
483172916,0.0
14947339,0.00036927621861152144
1002096110,0.00036927621861152144
237670274,0.0
112882940,0.0
2190723061,0.00036927621861152144
265509561,0.0
338989477,0.0014771048744460858
4042462396,0.00036927621861152144
3916694415,0.0011078286558345643
1251108504653361152,0.00036927621861152144
1909219404,0.0
104633187,0.00036927621861152144
312121622,0.0
1183933523129970689,0.00036927621861152144
175011974,0.0007385524372230429
1080724857552199682,0.00036927621861152144
2166763549,0.00036927621861152144
18417153,0.0011078286558345643
343998886,0.00036927621861152144
429259920,0.00036927621861152144
136756365,0.0
2607919231,0.00036927621861152144
409166947,0.00036927621861152144
1401748656,0.00036927621861152144
824668943285702661,0.00036927621861152144
153506820,0.00036927621861152144
114146587,0.0007385524372230429
803909558431313920,0.00036927621861152144
146116918,0.00036927621861152144
240867778,0.0
3235806942,0.0
241167877,0.00036927621861152144
2252260178,0.00036927621861152144
2645602164,0.0
1189525564715089920,0.00036927621861152144
99023044,0.0
1120424520773505028,0.00036927621861152144
47978543,0.00036927621861152144
31311757,0.0
18855622,0.00036927621861152144
884047713372975104,0.00036927621861152144
4196200462,0.00036927621861152144
762501458,0.0
476514758,0.00036927621861152144
50956443,0.0
722155990662123520,0.0
1076178992036790272,0.0
57047586,0.0
2209003450,0.00036927621861152144
234070123,0.00036927621861152144
1690763647,0.00036927621861152144
870362407,0.0
911297187664949248,0.0
312783905,0.00036927621861152144
38140504,0.0
123093566,0.0
73909361,0.0
2568478126,0.00036927621861152144
122424832,0.00036927621861152144
3150832239,0.0
2608840453,0.00036927621861152144
15166546,0.0
4831430475,0.00036927621861152144
33677856,0.00036927621861152144
2785709353,0.00036927621861152144
430570985,0.00036927621861152144
890413838578966528,0.0011078286558345643
717756832240902144,0.00036927621861152144
1156797119149121541,0.00036927621861152144
330917707,0.00036927621861152144
1038834447540531202,0.0
3367685915,0.00036927621861152144
2812873512,0.0
333597222,0.00036927621861152144
4829277184,0.0007385524372230429
16946380,0.0
8260242,0.00036927621861152144
2188930908,0.0
271370579,0.00036927621861152144
115763683,0.0
330151669,0.0
50257296,0.00036927621861152144
229601276,0.00036927621861152144
720750427147341824,0.00036927621861152144
414130557,0.00036927621861152144
3035211041,0.00036927621861152144
800707492346925056,0.0
400831970,0.00036927621861152144
423567471,0.00036927621861152144
38190507,0.0
72781449,0.0
740216334,0.0
7170002,0.00036927621861152144
126718539,0.00036927621861152144
20167623,0.0
822183485523841025,0.00036927621861152144
220139885,0.0
822405576504344576,0.00036927621861152144
2343425496,0.00036927621861152144
1077863989202247681,0.00036927621861152144
980046830,0.00036927621861152144
364593753,0.0
823957466,0.0
964589615230337024,0.0
1578022897,0.00036927621861152144
466894113,0.0007385524372230429
36588310,0.0
14065835,0.0
849902720827875330,0.00036927621861152144
591797093,0.0
976373610,0.0
4202417063,0.00036927621861152144
381187236,0.0
64245814,0.00036927621861152144
207450631,0.0
751506263792582656,0.0
813286,0.00036927621861152144
69870134,0.0
109399833,0.00036927621861152144
16948477,0.0
377571301,0.00036927621861152144
3165380261,0.00036927621861152144
950377242483343360,0.00036927621861152144
1074540169,0.00036927621861152144
2186834214,0.00036927621861152144
713164296604090368,0.00036927621861152144
37139722,0.00036927621861152144
197623145,0.00036927621861152144
706431707885477888,0.00036927621861152144
2641476606,0.0
206743057,0.0
2986013849,0.00036927621861152144
181720081,0.00036927621861152144
228313429,0.0
61449317,0.0
14183423,0.00036927621861152144
3442793834,0.0
579842788,0.0
2918846960,0.0
406260699,0.00036927621861152144
190821474,0.00036927621861152144
51215183,0.00036927621861152144
2758095800,0.00036927621861152144
1708743114,0.00036927621861152144
14199378,0.0
2147987488,0.00036927621861152144
311404595,0.00036927621861152144
216744325,0.0
114870386,0.0
302013973,0.0
4652730673,0.00036927621861152144
18932422,0.1222304283604136
740410382,0.00036927621861152144
272065025,0.0
1354848524,0.00036927621861152144
39112661,0.00036927621861152144
230815459,0.0
342137485,0.00036927621861152144
96127287,0.00036927621861152144
877108837475655680,0.00036927621861152144
207534677,0.00036927621861152144
13360372,0.00036927621861152144
1598324696,0.00036927621861152144
63801028,0.0
182486010,0.0
765548,0.0
158297618,0.00036927621861152144
311340284,0.0
850107536,0.0
3033312071,0.0007385524372230429
539296619,0.0
622716896,0.00036927621861152144
63935826,0.00036927621861152144
1107254048896548864,0.00036927621861152144
2867784412,0.00036927621861152144
78577226,0.0
500950174,0.00036927621861152144
111046352,0.0
153764165,0.00036927621861152144
17743823,0.0011078286558345643
398500188,0.0
15421904,0.0
38048603,0.00036927621861152144
156322219,0.00036927621861152144
586366163,0.00036927621861152144
2924669003,0.0
616572834,0.00036927621861152144
2847332414,0.00036927621861152144
17554109,0.00036927621861152144
14166306,0.0
174991185,0.00036927621861152144
2221607978,0.0
1033944831918104576,0.00036927621861152144
2814432614,0.0
71306406,0.0
1609328383,0.00036927621861152144
220145170,0.0
2579832252,0.00036927621861152144
2336440088,0.0007385524372230429
3025618094,0.00036927621861152144
977250301,0.00036927621861152144
36659063,0.00036927621861152144
19677123,0.0
54580934,0.00036927621861152144
1193486898,0.0
62952214,0.00036927621861152144
939946139029090304,0.0
269930404,0.0007385524372230429
361719507,0.00036927621861152144
1205609058,0.0
449616976,0.00036927621861152144
138840988,0.0
95745203,0.00036927621861152144
2213823000,0.00036927621861152144
452570555,0.0
923649456981135367,0.0011078286558345643
533315563,0.0
337745478,0.0007385524372230429
1099250750155354114,0.00036927621861152144
224466293,0.0
45123871,0.00036927621861152144
3943475233,0.00036927621861152144
22960511,0.0
16514335,0.00036927621861152144
50374439,0.0
3248357604,0.0
840618056678293504,0.0
903217429555359744,0.00036927621861152144
176870844,0.00036927621861152144
1064203950717583360,0.00036927621861152144
406869976,0.0
2924886188,0.00036927621861152144
702309206,0.0007385524372230429
17018894,0.0007385524372230429
2615258306,0.00036927621861152144
857570979022876672,0.00036927621861152144
117712651,0.00036927621861152144
24897144,0.00036927621861152144
1081241209622822913,0.00036927621861152144
2239194271,0.0
891186338,0.00036927621861152144
47456957,0.00036927621861152144
2908007650,0.00036927621861152144
86754006,0.00036927621861152144
1107588341124337666,0.00036927621861152144
1145584490594443264,0.00036927621861152144
5894962,0.00036927621861152144
91168371,0.00036927621861152144
27007409,0.00036927621861152144
12044602,0.0
112099606,0.00036927621861152144
271310204,0.0
1232460508160094209,0.00036927621861152144
2309104237,0.0014771048744460858
40576466,0.0007385524372230429
115180931,0.0
5869132,0.00036927621861152144
43641631,0.00036927621861152144
285332715,0.00036927621861152144
20499721,0.0
567360618,0.0
33838201,0.0
2155233830,0.00036927621861152144
940445534556364800,0.0
11669522,0.0
28316908,0.00036927621861152144
20304025,0.00036927621861152144
3037264899,0.00036927621861152144
221620566,0.0
3081160595,0.00036927621861152144
2183611873,0.0
195719387,0.00036927621861152144
17707080,0.0
984208484328763395,0.00036927621861152144
307912317,0.0
326912209,0.0
18464317,0.0
14048484,0.00036927621861152144
2348513340,0.0
506166021,0.0
15336340,0.0
127489643,0.00036927621861152144
880523990883848192,0.00036927621861152144
41216797,0.0
1187585868493537280,0.0007385524372230429
93655722,0.0
1187226845155999749,0.00036927621861152144
16318928,0.0
15657398,0.00036927621861152144
2893424886,0.00036927621861152144
359622624,0.0
626282563,0.00036927621861152144
1053724531,0.0
984275749824638976,0.0
2273201773,0.0
2877993331,0.00036927621861152144
44871098,0.00036927621861152144
2245759994,0.0
3145021135,0.00036927621861152144
2226776658,0.0007385524372230429
39048846,0.00036927621861152144
313207740,0.00036927621861152144
2189994866,0.00036927621861152144
82573938,0.0
1256240551118200835,0.00036927621861152144
1023655925742268426,0.00036927621861152144
3292784453,0.00036927621861152144
2214711331,0.00036927621861152144
17955611,0.00036927621861152144
1376401838,0.0
37105355,0.00036927621861152144
953752657,0.0
3865043177,0.00036927621861152144
2512218333,0.00036927621861152144
151490538,0.00036927621861152144
14341416,0.0
25213966,0.0
617400195,0.00036927621861152144
2851178794,0.0
2341772972,0.0
16362818,0.0
49043059,0.00036927621861152144
16611773,0.00036927621861152144
826837132325027841,0.00036927621861152144
4485809179,0.00036927621861152144
43961874,0.00036927621861152144
14254846,0.00036927621861152144
14359747,0.00036927621861152144
22289618,0.00036927621861152144
17922590,0.0
487736815,0.0
3257676018,0.00036927621861152144
758771866500816896,0.00036927621861152144
434835815,0.00036927621861152144
787735106546827265,0.00036927621861152144
966024156574662656,0.00036927621861152144
3243155048,0.00036927621861152144
887159288,0.00036927621861152144
1211825303388995584,0.00036927621861152144
242868086,0.00036927621861152144
140956562,0.0
780788089966829568,0.00036927621861152144
11235202,0.00036927621861152144
3236533841,0.0
2577967370,0.00036927621861152144
33505544,0.00036927621861152144
832361946154401792,0.00036927621861152144
50095170,0.0
66369383,0.00036927621861152144
709476815090413568,0.00036927621861152144
63735508,0.0
32193354,0.00036927621861152144
434236851,0.00036927621861152144
279084731,0.0
3201975988,0.00036927621861152144
775449094739197953,0.0
36927290,0.00036927621861152144
29639366,0.00036927621861152144
103546343,0.0007385524372230429
103989154,0.0
270044784,0.00036927621861152144
561218882,0.0
29959702,0.0
251614179,0.0011078286558345643
2969887354,0.00036927621861152144
909404434723213312,0.0
4928034543,0.00036927621861152144
2097571,0.0
869188290183917568,0.00036927621861152144
70478255,0.0
1116622891,0.00036927621861152144
1883425892,0.0
361288906,0.00036927621861152144
940901351759994880,0.00036927621861152144
1284129738,0.00036927621861152144
439572655,0.00036927621861152144
17118060,0.0
111801456,0.00036927621861152144
263044687,0.0
2636910597,0.00036927621861152144
833967951447486465,0.0
896036165350019073,0.00036927621861152144
3279064394,0.00036927621861152144
2438493248,0.00036927621861152144
5108051,0.0
934087003,0.00036927621861152144
4484681,0.0
862356144748204032,0.0
41828876,0.0
1527607790,0.0007385524372230429
68784803,0.0
4228354103,0.00036927621861152144
113339417,0.00036927621861152144
1197369638,0.0
346400805,0.0
623111545,0.0
249255635,0.00036927621861152144
15750573,0.07828655834564255
824886467721703425,0.00036927621861152144
24932781,0.00036927621861152144
748176824,0.00036927621861152144
281950081,0.0
829881163472916481,0.0
540259669,0.0
284099686,0.00036927621861152144
392248167,0.00036927621861152144
562439654,0.0
197608061,0.00036927621861152144
3077144869,0.0
1114432920121376768,0.00036927621861152144
7170942,0.0
12353582,0.0
248916795,0.0
135801478,0.00036927621861152144
159240329,0.00036927621861152144
213248607,0.00036927621861152144
1708488139,0.00036927621861152144
16423883,0.00036927621861152144
1728885823,0.00036927621861152144
21192987,0.0011078286558345643
95196023,0.0
2859456143,0.0
915167646240325632,0.00036927621861152144
50393960,0.0
1365711606,0.0007385524372230429
944810996,0.0
1168762828607508480,0.00036927621861152144
295344317,0.0
938473643373481985,0.00036927621861152144
31422403,0.0
2301908191,0.00036927621861152144
250059685,0.00036927621861152144
755953153,0.0
360783415,0.00036927621861152144
12243,0.00036927621861152144
2280952807,0.0
53340169,0.00036927621861152144
3314775459,0.0
572279177,0.0
188233241,0.0
17730501,0.00036927621861152144
858519894,0.00036927621861152144
279903146,0.00036927621861152144
140093780,0.00036927621861152144
848687484,0.00036927621861152144
6979832,0.00036927621861152144
17455229,0.0
16689804,0.0
1296322367053082624,0.00036927621861152144
1090911182591086592,0.00036927621861152144
174959656,0.00036927621861152144
1344951,0.0
1253984770083692544,0.00036927621861152144
3697013177,0.0
27897414,0.00036927621861152144
308843719,0.00036927621861152144
271243941,0.0
203866616,0.00036927621861152144
3107101390,0.0
1094001009188397057,0.00036927621861152144
288823245,0.00036927621861152144
211457876,0.00036927621861152144
136088911,0.00036927621861152144
456673160,0.0
16925097,0.00036927621861152144
107751300,0.00036927621861152144
354847710,0.0
59217922,0.0011078286558345643
21457289,0.0
1124623431377543169,0.00036927621861152144
62513246,0.0
1306824555420213249,0.00036927621861152144
82364810,0.00036927621861152144
257544772,0.0
36094947,0.0
317169230,0.0
3415864408,0.0
13568892,0.00036927621861152144
82774113,0.0007385524372230429
403274895,0.00036927621861152144
104211492,0.0
132646210,0.30945347119645494
577430083,0.0
308799838,0.00036927621861152144
131111665,0.00036927621861152144
829115622,0.00036927621861152144
35749835,0.00036927621861152144
104435358,0.00036927621861152144
200466843,0.00036927621861152144
18318677,0.0
17076764,0.00036927621861152144
529771925,0.00036927621861152144
824249522389970944,0.00036927621861152144
11010332,0.0
108441778,0.00036927621861152144
494181406,0.00036927621861152144
469115517,0.00036927621861152144
900040284616114176,0.0
16136933,0.0007385524372230429
1934192923,0.00036927621861152144
3353136183,0.00036927621861152144
1725341478,0.0
343928585,0.00036927621861152144
47602120,0.0
773146218,0.0
321908821,0.0
5921452,0.0
225110274,0.0
69218199,0.00036927621861152144
12151932,0.00036927621861152144
1035807940719112192,0.00036927621861152144
460544873,0.0
709402060547092481,0.00036927621861152144
384127183,0.0011078286558345643
3225904081,0.00036927621861152144
422016668,0.00036927621861152144
744114034660773888,0.00036927621861152144
2317814702,0.00036927621861152144
115512512,0.0
1141316975324536832,0.00036927621861152144
19203768,0.0
4898086443,0.00036927621861152144
804683646,0.0
705427898749079552,0.0
103761767,0.00036927621861152144
1252063705,0.0
245345590,0.00036927621861152144
728354894,0.00036927621861152144
848799224854609920,0.0
544360896,0.00036927621861152144
7415172,0.00036927621861152144
930340722,0.0
16279554,0.00036927621861152144
24989839,0.0
17305888,0.0
918798040282091520,0.00036927621861152144
184817606,0.00036927621861152144
2903217440,0.00036927621861152144
3577056016,0.00036927621861152144
105925630,0.0
22072608,0.0
3075691,0.00036927621861152144
2659265263,0.0
66815732,0.0
204387286,0.0
41572443,0.0
147949965,0.0011078286558345643
21308312,0.0
22826489,0.00036927621861152144
91333167,0.0
17268402,0.00036927621861152144
121881387,0.0
34642043,0.00036927621861152144
128213903,0.0
146159328,0.00036927621861152144
8034682,0.0
533584357,0.00036927621861152144
17580853,0.00036927621861152144
2910644884,0.00036927621861152144
174083824,0.0
784083274805248000,0.0
54163837,0.0
393956778,0.0
52206988,0.0
101013918,0.00036927621861152144
234017215,0.00036927621861152144
43926213,0.00036927621861152144
785618379201654784,0.0
87985586,0.00036927621861152144
114782375,0.00036927621861152144
281079339,0.00036927621861152144
179571184,0.00036927621861152144
68084193,0.00036927621861152144
83566575,0.00036927621861152144
2797567802,0.0
20605844,0.00036927621861152144
14667411,0.0
9430302,0.0
3226059106,0.00036927621861152144
514189512,0.00036927621861152144
184125091,0.00036927621861152144
59414975,0.0
867297019160707072,0.0
3038714572,0.00036927621861152144
274134534,0.00036927621861152144
856955544845811712,0.00036927621861152144
628623778,0.00036927621861152144
3549187454,0.0
1167604898,0.0
2310416978,0.00036927621861152144
28776166,0.00036927621861152144
359831209,0.0
253046215,0.0
822659,0.0
806101991109890048,0.00036927621861152144
722242009,0.0
2461022395,0.00036927621861152144
73705954,0.00036927621861152144
385339360,0.0
14103970,0.00036927621861152144
1376639125,0.00036927621861152144
386908329,0.00036927621861152144
1617314359,0.0
22585506,0.00036927621861152144
467551928,0.0
312809493,0.00036927621861152144
33168385,0.00036927621861152144
16319797,0.0
1231314888,0.00036927621861152144
487786548,0.00036927621861152144
831114368435748864,0.0
158789494,0.0
998681467696885761,0.00036927621861152144
46342393,0.0
989428140433866752,0.0
231722071,0.00036927621861152144
181348220,0.00036927621861152144
88727377,0.0
925220088,0.00036927621861152144
579133028,0.00036927621861152144
619585396,0.0
843009630812995584,0.00036927621861152144
1052291485901697024,0.00036927621861152144
90109488,0.00036927621861152144
1228678952,0.00036927621861152144
760799156256382976,0.00036927621861152144
1040575154424893441,0.00036927621861152144
1077734311799984128,0.00036927621861152144
2460368252,0.0
45389867,0.0
784824594,0.0007385524372230429
17773969,0.00036927621861152144
65468350,0.00036927621861152144
1636590253,0.0
2462926410,0.00036927621861152144
2735046987,0.00036927621861152144
1409748306,0.00036927621861152144
1070352023449669632,0.00036927621861152144
68701660,0.00036927621861152144
828683626372009985,0.00036927621861152144
139377848,0.00036927621861152144
1412036527,0.0
2527017636,0.00036927621861152144
989251872107085824,0.0
4893681,0.0007385524372230429
1149491203,0.0
756380725859975168,0.00036927621861152144
72386774,0.0
24888653,0.00036927621861152144
832267168276475904,0.00036927621861152144
41098784,0.0
25860326,0.00036927621861152144
874632132353826816,0.00036927621861152144
3095317209,0.00036927621861152144
60832858,0.00036927621861152144
874530424575336449,0.00036927621861152144
301939006,0.00036927621861152144
2587811778,0.00036927621861152144
122408887,0.00036927621861152144
3319270312,0.00036927621861152144
420316063,0.00036927621861152144
13920962,0.0
119459238,0.00036927621861152144
945020688,0.00036927621861152144
33105342,0.00036927621861152144
1579422614,0.0
56741675,0.0
887535601,0.0
544875915,0.00036927621861152144
39721490,0.00036927621861152144
719967950527205376,0.00036927621861152144
72018889,0.0
778856886,0.0007385524372230429
1264027207447371776,0.0
783214,0.0
3099020035,0.00036927621861152144
1016764586228412421,0.00036927621861152144
84854764,0.00036927621861152144
123846556,0.0
21573326,0.0
984769730983682048,0.0
636089336,0.00036927621861152144
1121364987178618880,0.00036927621861152144
887207711590559745,0.0
53645823,0.00036927621861152144
117539435,0.0
12031032,0.0
58160853,0.0
231845623,0.00036927621861152144
47567281,0.00036927621861152144
80446199,0.0
717768811005526016,0.0
1019673422,0.00036927621861152144
801059640951836672,0.00036927621861152144
539946626,0.0
376725527,0.00036927621861152144
201854523,0.00036927621861152144
849729477533892612,0.00036927621861152144
4793796869,0.00036927621861152144
707112185076391936,0.00036927621861152144
97880420,0.00036927621861152144
748525684578914304,0.00036927621861152144
294119630,0.00036927621861152144
115718271,0.00036927621861152144
3243283713,0.0
773280684173463552,0.0
93618186,0.0
1190461842922995712,0.0
2869101210,0.0
21003382,0.0
2575124365,0.0
85648537,0.0
595544862,0.00036927621861152144
482995387,0.00036927621861152144
307755344,0.0
441676899,0.00036927621861152144
277516046,0.0
15675384,0.00036927621861152144
3892691301,0.00036927621861152144
781332157,0.0
178976408,0.0
350152586,0.00036927621861152144
11892372,0.0007385524372230429
36417099,0.00036927621861152144
316386106,0.0
1004448369140551682,0.00036927621861152144
15739506,0.00036927621861152144
808593541840719872,0.00036927621861152144
84508784,0.00036927621861152144
24160034,0.0
34743251,0.0
85700509,0.00036927621861152144
2208838112,0.00036927621861152144
125483940,0.0014771048744460858
911514942335012864,0.00036927621861152144
54541583,0.00036927621861152144
106418930,0.0
1140163756267192321,0.00036927621861152144
1019221160742014976,0.0007385524372230429
65587580,0.00036927621861152144
27366114,0.00036927621861152144
117483950,0.00036927621861152144
361115646,0.00036927621861152144
4694535756,0.00036927621861152144
199175962,0.00036927621861152144
469405173,0.0
702932794947694592,0.0
144779689,0.0011078286558345643
75071601,0.00036927621861152144
98966111,0.0
1108108225,0.00036927621861152144
15637569,0.00036927621861152144
1184821524534059008,0.0
8943,0.0
19073790,0.0
920563781616496641,0.00036927621861152144
193640022,0.00036927621861152144
752743856941125632,0.0
469119337,0.00036927621861152144
2523642978,0.0
1497795582,0.00036927621861152144
28401365,0.0
46668733,0.0
6778812,0.00036927621861152144
580335026,0.00036927621861152144
214272214,0.00036927621861152144
477554560,0.0
121492869,0.00036927621861152144
15090415,0.00036927621861152144
84060395,0.00036927621861152144
10695152,0.0
158342368,0.0
483150865,0.0
2891809527,0.00036927621861152144
485140375,0.0
877886035,0.0
16632955,0.0
716947512154853376,0.00036927621861152144
130256377,0.00036927621861152144
427330274,0.00036927621861152144
18728897,0.00036927621861152144
1011316249274540033,0.0
4794104842,0.0
2604894992,0.00036927621861152144
406303880,0.0011078286558345643
271909348,0.0
85813091,0.00036927621861152144
606667727,0.00036927621861152144
982276165992935426,0.00036927621861152144
709828900,0.0
257111136,0.00036927621861152144
181954043,0.00036927621861152144
789736108896751616,0.00036927621861152144
16249403,0.00036927621861152144
1028693496,0.00036927621861152144
1304717864,0.0
115091858,0.0007385524372230429
688583,0.0
117662694,0.0
48008938,0.0
11990112,0.0
11348282,0.0
132539757,0.0
26976778,0.0
1408239470,0.0
507185539,0.0
882605036,0.00036927621861152144
47319664,0.0
1237393394,0.0
304540433,0.00036927621861152144
2450416195,0.00036927621861152144
334678478,0.0
1102341617371963392,0.00036927621861152144
380426226,0.0
2253247064,0.00036927621861152144
1037548569467731968,0.0
569203915,0.00036927621861152144
290705256,0.00036927621861152144
928151539893420032,0.00036927621861152144
23999540,0.00036927621861152144
1131186925212241920,0.0
3841067114,0.0
237738266,0.00036927621861152144
217377296,0.0011078286558345643
720605133483208705,0.0
618551148,0.00036927621861152144
48839631,0.0
48354997,0.00036927621861152144
43839644,0.00036927621861152144
84404991,0.0
77200220,0.00036927621861152144
391015835,0.0
33113669,0.00036927621861152144
10587552,0.0
788839271239184385,0.0007385524372230429
54682074,0.00036927621861152144
18869136,0.00036927621861152144
220020080,0.00036927621861152144
959849838212014081,0.00036927621861152144
3512256616,0.00036927621861152144
1617603914,0.00036927621861152144
76679840,0.0
16710690,0.00036927621861152144
948669952843595776,0.00036927621861152144
2986084527,0.00036927621861152144
48649222,0.00036927621861152144
123678691,0.00036927621861152144
804701761017671680,0.0
9180262,0.00036927621861152144
1070321898951753728,0.0
1068486102930112514,0.0
872544691442466816,0.00036927621861152144
2209729028,0.00036927621861152144
3074437553,0.00036927621861152144
107171037,0.0
20003288,0.0
20131383,0.0
3270678680,0.0
1043211642182328320,0.0
124087958,0.0
334170116,0.0
78807415,0.00036927621861152144
1015930135,0.00036927621861152144
325476794,0.0
18202677,0.00036927621861152144
20314655,0.00036927621861152144
28312691,0.00036927621861152144
720212700,0.0007385524372230429
830589635738816512,0.0
3318895763,0.00036927621861152144
918943909811769344,0.0007385524372230429
21782750,0.00036927621861152144
2251623492,0.0
725387616,0.00036927621861152144
17076940,0.0
1303571503,0.0
143319983,0.0
479013038,0.0
3775401076,0.00036927621861152144
1094048100564365312,0.0
3310895591,0.00036927621861152144
14417382,0.00036927621861152144
1974656552,0.00036927621861152144
4385501957,0.00036927621861152144
1369078711,0.00036927621861152144
3197088767,0.00036927621861152144
696907754275930112,0.00036927621861152144
18675332,0.0
40030538,0.00036927621861152144
2176358690,0.00036927621861152144
356775978,0.0007385524372230429
771681197781053440,0.0007385524372230429
484733763,0.00036927621861152144
10868922,0.00036927621861152144
46922123,0.00036927621861152144
60884801,0.00036927621861152144
579115459,0.00036927621861152144
770233588721868802,0.00036927621861152144
1245061044847947777,0.00036927621861152144
14265641,0.00036927621861152144
438301250,0.0
4712272236,0.00036927621861152144
45675087,0.0
112806109,0.00036927621861152144
520133735,0.00036927621861152144
1030464891830902784,0.00036927621861152144
2968801294,0.00036927621861152144
14968475,0.0
50414506,0.00036927621861152144
3130548765,0.00036927621861152144
551776311,0.00036927621861152144
2272376472,0.00036927621861152144
327032058,0.00036927621861152144
3513474256,0.0
13533662,0.0
264501255,0.0
944905694,0.00036927621861152144
37048037,0.00036927621861152144
2354616571,0.0
9910992,0.0
2803449260,0.00036927621861152144
249695469,0.00036927621861152144
2347049341,0.0
14125868,0.00036927621861152144
1276832114856656896,0.0007385524372230429
14575354,0.00036927621861152144
3036851230,0.00036927621861152144
33474334,0.0
391867472,0.0011078286558345643
731124359117590528,0.00036927621861152144
59913797,0.00036927621861152144
1196193239713353732,0.00036927621861152144
1023751696697028608,0.0
194989299,0.00036927621861152144
564663512,0.00036927621861152144
838464523,0.0
812055605510803456,0.00036927621861152144
163009576,0.00036927621861152144
2576448008,0.00036927621861152144
589300441,0.0
139811295,0.0
3317585532,0.00036927621861152144
408986233,0.00036927621861152144
46932973,0.00036927621861152144
949642445083459585,0.00036927621861152144
372730608,0.0
2854283403,0.00036927621861152144
46350079,0.0
3232640646,0.00036927621861152144
4702018489,0.0
1865461842,0.0
1037384052,0.00036927621861152144
99015174,0.0007385524372230429
2769983813,0.00036927621861152144
834609484781723648,0.0
203070657,0.00036927621861152144
2821170946,0.0
451148485,0.0
399089660,0.0
922354202088759296,0.0
261126954,0.00036927621861152144
873162092819488769,0.00036927621861152144
1079473267,0.00036927621861152144
1004615060,0.00036927621861152144
19395637,0.00036927621861152144
294652384,0.0
85307840,0.0
3186534415,0.0
1978351027,0.00036927621861152144
151303125,0.0007385524372230429
15492359,0.0
65605637,0.00036927621861152144
435727485,0.00036927621861152144
46394850,0.00036927621861152144
117553058,0.0
2328843320,0.00036927621861152144
2798157850,0.00036927621861152144
1245923843119575041,0.00036927621861152144
75392682,0.00036927621861152144
75585288,0.0
779769,0.00036927621861152144
934228950,0.00036927621861152144
1009253378,0.00036927621861152144
193309907,0.0007385524372230429
32872183,0.0
273003435,0.0
465693357,0.00036927621861152144
803003521,0.00036927621861152144
797823007997722624,0.00036927621861152144
84560631,0.0
2413882279,0.0
15159648,0.0007385524372230429
2279201814,0.00036927621861152144
5894872,0.00036927621861152144
2444133930,0.00036927621861152144
736667972123512832,0.0
93957809,0.0
1371476814,0.00036927621861152144
852054291049316352,0.00036927621861152144
1218287414965350401,0.00036927621861152144
3041372326,0.0011078286558345643
561226226,0.00036927621861152144
269301403,0.0007385524372230429
67815277,0.0
1111871,0.00036927621861152144
615595875,0.00036927621861152144
944443345,0.00036927621861152144
202853969,0.0011078286558345643
20536157,0.0
4770618972,0.00036927621861152144
17157367,0.0
238024065,0.0
4827366892,0.00036927621861152144
204123892,0.0
19859014,0.00036927621861152144
45827605,0.00036927621861152144
28245224,0.00036927621861152144
17917382,0.00036927621861152144
18115497,0.00036927621861152144
172260408,0.0
876083623711174657,0.00036927621861152144
188221066,0.00036927621861152144
1217315090,0.0
2382305514,0.0007385524372230429
1962172172,0.0
2385273733,0.0
14339792,0.00036927621861152144
3030560968,0.00036927621861152144
248064213,0.00036927621861152144
3988959013,0.0
47987831,0.00036927621861152144
1194379349803319298,0.00036927621861152144
317158835,0.00036927621861152144
849649723,0.0
712614852263542784,0.00036927621861152144
850170113504325632,0.00036927621861152144
1357389505,0.00036927621861152144
1138704090106646528,0.00036927621861152144
44652450,0.00036927621861152144
17712257,0.0
253734620,0.00036927621861152144
3356531254,0.0
369085369,0.00036927621861152144
2399290873,0.0
16310134,0.0
1643302016,0.0
14761223,0.0007385524372230429
2218900633,0.00036927621861152144
815628453613621248,0.00036927621861152144
972984764,0.00036927621861152144
606265290,0.0007385524372230429
10627282,0.00036927621861152144
977585064,0.00036927621861152144
946591233954033664,0.00036927621861152144
1929876336,0.00036927621861152144
406932163,0.00036927621861152144
898161154169679873,0.00036927621861152144
112415325,0.0
144947577,0.0
861246336,0.0
1064940934528421888,0.00036927621861152144
1932160213,0.00036927621861152144
946028606,0.0
1031837755234549760,0.0
1014561,0.0007385524372230429
375820392,0.00036927621861152144
16579738,0.00036927621861152144
118412527,0.00036927621861152144
450842550,0.00036927621861152144
793688995918024704,0.00036927621861152144
860098587287588864,0.00036927621861152144
859698369765179392,0.00036927621861152144
370102769,0.00036927621861152144
709493676121042945,0.00036927621861152144
899166691652972544,0.00036927621861152144
26329801,0.00036927621861152144
774575,0.00036927621861152144
844218954088435712,0.00036927621861152144
518957746,0.00036927621861152144
1653261366,0.00036927621861152144
4188048952,0.0007385524372230429
272376633,0.00036927621861152144
2199531518,0.0
2378438060,0.00036927621861152144
3102522680,0.0011078286558345643
3565816992,0.0
496430086,0.0007385524372230429
700831074,0.00036927621861152144
53250831,0.0007385524372230429
189495871,0.0
30420908,0.00036927621861152144
822431809,0.00036927621861152144
14266044,0.00036927621861152144
21133730,0.00036927621861152144
133790890,0.0
36448779,0.00036927621861152144
2328954662,0.00036927621861152144
320568816,0.0007385524372230429
14369971,0.0
252411935,0.00036927621861152144
2451712820,0.00036927621861152144
22398002,0.0
47605273,0.00036927621861152144
156204739,0.00036927621861152144
566703294,0.00036927621861152144
544737616,0.0011078286558345643
538326631,0.0007385524372230429
1523858262,0.00036927621861152144
346742249,0.0
4707064313,0.00036927621861152144
10277212,0.00036927621861152144
911963260005552128,0.00036927621861152144
517818047,0.00036927621861152144
3395161438,0.0
14614664,0.00036927621861152144
915721853833900032,0.00036927621861152144
263247974,0.00036927621861152144
1483247714,0.00036927621861152144
126323494,0.00036927621861152144
10383162,0.0
870968012,0.0
4194417913,0.0
919860212,0.0
3053756746,0.00036927621861152144
78969930,0.0014771048744460858
87242603,0.00036927621861152144
117079124,0.0
2711212681,0.0
17278474,0.00036927621861152144
801372548940398593,0.00036927621861152144
8143682,0.0
2995188801,0.00036927621861152144
876785354,0.00036927621861152144
3902819477,0.00036927621861152144
8139122,0.0
2397162947,0.00036927621861152144
95267165,0.00036927621861152144
2475572071,0.00036927621861152144
138562224,0.00036927621861152144
79067151,0.00036927621861152144
961808198,0.00036927621861152144
966411199649808386,0.0
18033550,0.0
2882893927,0.00036927621861152144
7851812,0.00036927621861152144
894723591446687745,0.00036927621861152144
1084900963306098689,0.00036927621861152144
939091,0.0
2475224005,0.0011078286558345643
2189885600,0.00036927621861152144
477030336,0.00036927621861152144
43583452,0.00036927621861152144
13982132,0.0
1319272146963673089,0.00036927621861152144
3513346942,0.00036927621861152144
183575679,0.0
305431714,0.0
34690221,0.00036927621861152144
1301869598481014787,0.00036927621861152144
251149608,0.0
49945724,0.00036927621861152144
93873778,0.0
13507112,0.00036927621861152144
63859619,0.0
1046614848,0.00036927621861152144
1582911193,0.00036927621861152144
464868829,0.00036927621861152144
209100025,0.0007385524372230429
48235638,0.00036927621861152144
3364147025,0.0007385524372230429
275686563,0.0
2371689380,0.00036927621861152144
18874262,0.0007385524372230429
258722513,0.00036927621861152144
135508015,0.00036927621861152144
160741955,0.0
249661913,0.0014771048744460858
1546005282,0.00036927621861152144
2880905121,0.0
52869134,0.00036927621861152144
2329817887,0.0
277298681,0.00036927621861152144
2877269332,0.00036927621861152144
70422392,0.00036927621861152144
85428593,0.00036927621861152144
16113777,0.00036927621861152144
16549460,0.00036927621861152144
618193431,0.00036927621861152144
211916935,0.00036927621861152144
1629889939,0.00036927621861152144
133550954,0.00036927621861152144
1195040516318093312,0.0
19659141,0.0
1049203448783278080,0.00036927621861152144
22129782,0.0
3034892963,0.0
204718713,0.0
949493208702099456,0.00036927621861152144
278359534,0.0
352650313,0.00036927621861152144
409922330,0.00036927621861152144
15045590,0.00036927621861152144
2895714597,0.00036927621861152144
704185699415695360,0.00036927621861152144
250344120,0.00036927621861152144
851254609,0.00036927621861152144
277667306,0.00036927621861152144
314430404,0.0
49911968,0.00036927621861152144
108207407,0.00036927621861152144
14957053,0.00036927621861152144
607311335,0.0007385524372230429
866900373302378503,0.00036927621861152144
101264703,0.0
384747822,0.0
3207393315,0.0
824812182114164736,0.0007385524372230429
2962250933,0.00036927621861152144
1077633912,0.0
15455450,0.0014771048744460858
403677666,0.00036927621861152144
154138518,0.00036927621861152144
42399260,0.0
139008774,0.0
2190533245,0.0014771048744460858
30981656,0.00036927621861152144
150732625,0.00036927621861152144
3511430425,0.0
1603439773,0.0
872274950,0.0
582161546,0.0
771036399671705600,0.00036927621861152144
828064288417779712,0.00036927621861152144
4208606734,0.00036927621861152144
23973296,0.0
248135933,0.00036927621861152144
1280838371682779136,0.00036927621861152144
2881046435,0.00036927621861152144
111258447,0.0
821769650211930112,0.00036927621861152144
996170598056263683,0.00036927621861152144
65915718,0.0007385524372230429
16136478,0.00036927621861152144
1179011991563915264,0.00036927621861152144
18052550,0.00036927621861152144
90830802,0.0
49793,0.0
3158689771,0.0
1894231788,0.0
18506971,0.00036927621861152144
17514022,0.0
1477918760,0.0011078286558345643
59900894,0.0
507704346,0.0
2826508686,0.00036927621861152144
1911204626,0.00036927621861152144
119406189,0.00036927621861152144
17949156,0.0
223380941,0.00036927621861152144
95013770,0.0
15578992,0.0
17354555,0.00036927621861152144
71905822,0.0
263265080,0.00036927621861152144
3780315496,0.0
322711407,0.0
11017332,0.0
2786141198,0.00036927621861152144
16687314,0.0
14757518,0.00036927621861152144
3003392104,0.0
20460664,0.00036927621861152144
39889364,0.00036927621861152144
373951619,0.0
1109067043,0.00036927621861152144
11595422,0.0
337600744,0.0
4347423515,0.00036927621861152144
313348339,0.00036927621861152144
905687730843037696,0.0
2206179206,0.00036927621861152144
4398626122,0.0
718108213078568960,0.0
91523851,0.00036927621861152144
20058825,0.0
2329921,0.0
1582645148,0.00036927621861152144
1169945329053130753,0.00036927621861152144
2549047974,0.0
899783769854320640,0.00036927621861152144
66322723,0.0
933679231220850688,0.00036927621861152144
870764041660190720,0.00036927621861152144
19677430,0.0007385524372230429
54817041,0.0
1182908622113660929,0.0007385524372230429
10752242,0.00036927621861152144
1175299088,0.0
14895163,0.0
1339637532,0.0011078286558345643
5765972,0.0
2803495736,0.00036927621861152144
2827812417,0.00036927621861152144
3230093066,0.00036927621861152144
14749606,0.0
15254807,0.0
1617382039,0.0
268262631,0.00036927621861152144
837214523547353089,0.00036927621861152144
2165646554,0.0007385524372230429
5893702,0.0
710755931227824128,0.0
188723124,0.0
15002894,0.0
7111232,0.0
772574162,0.0
610026759,0.0
17002009,0.0
801934486023782400,0.00036927621861152144
51934480,0.00036927621861152144
70266297,0.0
2550133394,0.00036927621861152144
197362628,0.00036927621861152144
3300677471,0.0
45303184,0.0
904174368,0.00036927621861152144
1710656606,0.0
14677919,0.0
1935675295,0.0
2831695553,0.00036927621861152144
59208209,0.0
19690273,0.00036927621861152144
9271782,0.00036927621861152144
1907881,0.00036927621861152144
41694589,0.0
563979425,0.00036927621861152144
2895307672,0.00036927621861152144
624208322,0.00036927621861152144
348506984,0.0
6107292,0.00036927621861152144
78269677,0.0011078286558345643
790342394675888128,0.00036927621861152144
829903626,0.00036927621861152144
2520999920,0.0
2411276060,0.0
32338210,0.0
14492532,0.0
27224166,0.00036927621861152144
446719282,0.0
260768625,0.0
443602279,0.00036927621861152144
3406278903,0.00036927621861152144
910827588,0.0
16739331,0.00036927621861152144
180463340,0.0
3510179057,0.00036927621861152144
17657107,0.00036927621861152144
36024756,0.0
790451965,0.00036927621861152144
1127358323051749378,0.0
63051202,0.00036927621861152144
376297519,0.0
3221752726,0.00036927621861152144
412270831,0.0
1265795638551212032,0.0011078286558345643
790899349471498240,0.00036927621861152144
182799181,0.0
2979365176,0.0
132453147,0.00036927621861152144
177751401,0.0
2601589496,0.0014771048744460858
131526573,0.0
1195044761322823680,0.00036927621861152144
11773812,0.00036927621861152144
807251568961744896,0.00036927621861152144
39547749,0.0
386277982,0.00036927621861152144
2926864059,0.00036927621861152144
1251073078211178496,0.00036927621861152144
199298537,0.00036927621861152144
297091554,0.0
256644046,0.00036927621861152144
59504716,0.0
1898912480,0.00036927621861152144
101353399,0.00036927621861152144
527454176,0.00036927621861152144
835810382509928450,0.00036927621861152144
960887748,0.00036927621861152144
1202308734,0.00036927621861152144
27818124,0.00036927621861152144
2493328698,0.0
3415205164,0.0
16976496,0.0
485018563,0.0
796368494342316032,0.00036927621861152144
398785862,0.00036927621861152144
573918122,0.0
2876226376,0.00036927621861152144
19710651,0.00036927621861152144
118263124,0.0
1111315973125169152,0.00036927621861152144
508906511,0.0
67383602,0.00036927621861152144
47681517,0.00036927621861152144
994886035086761984,0.0007385524372230429
2842558252,0.0
2653043425,0.00036927621861152144
846672306378326016,0.0
743917727820058626,0.00036927621861152144
831393481465556992,0.00036927621861152144
344725369,0.0
54959293,0.00036927621861152144
904533569749508097,0.00036927621861152144
787338664477134848,0.00036927621861152144
2932027868,0.00036927621861152144
1081289442671902720,0.00036927621861152144
375007888,0.0
80979483,0.00036927621861152144
1441673010,0.0
77436536,0.00036927621861152144
14285650,0.00036927621861152144
4645255754,0.00036927621861152144
3092629269,0.0
339654180,0.00036927621861152144
134061959,0.00036927621861152144
146734981,0.0
436038865,0.00036927621861152144
44973000,0.0007385524372230429
2388819163,0.0
74419325,0.0
856509174473248768,0.00036927621861152144
1017373138500378624,0.0
837051215339008000,0.00036927621861152144
1071412460,0.00036927621861152144
216919545,0.00036927621861152144
16110508,0.0
43006345,0.0
158659687,0.00036927621861152144
7295362,0.00036927621861152144
256353770,0.00036927621861152144
4739335047,0.00036927621861152144
246713978,0.0
382158989,0.0
36966461,0.00036927621861152144
541117509,0.0
315707871,0.00036927621861152144
492216731,0.00036927621861152144
524561395,0.0
273561140,0.0007385524372230429
335829830,0.00036927621861152144
799830497065050112,0.0
5637652,0.0
6459362,0.00036927621861152144
1222193343737794560,0.00036927621861152144
17581976,0.00036927621861152144
17395999,0.0
868437872,0.00036927621861152144
936713855878787074,0.00036927621861152144
836189288572325888,0.00036927621861152144
256879792,0.00036927621861152144
66722583,0.0011078286558345643
332134740,0.0007385524372230429
804563319457660928,0.00036927621861152144
1904734980,0.00036927621861152144
33423759,0.0
253587073,0.00036927621861152144
1269448278,0.00036927621861152144
2427769760,0.00036927621861152144
748179418397421568,0.00036927621861152144
1230692054092529664,0.00036927621861152144
920382882413244417,0.0
717348489215262724,0.0007385524372230429
755513278625898496,0.00036927621861152144
4157611,0.00036927621861152144
191723833,0.0
469631198,0.00036927621861152144
776732741098467328,0.0
917738789233217536,0.00036927621861152144
3732176255,0.0
3304471,0.0
490382218,0.0
1490398796,0.0
822367881547550720,0.00036927621861152144
84036295,0.00036927621861152144
2409117643,0.00036927621861152144
154221292,0.0
17465774,0.00036927621861152144
76336279,0.0
79721713,0.00036927621861152144
2492618120,0.00036927621861152144
22026924,0.00036927621861152144
9719522,0.00036927621861152144
488417933,0.00036927621861152144
1255799724,0.00036927621861152144
260971421,0.0
1212987379692081153,0.00036927621861152144
25481069,0.0011078286558345643
126132953,0.0
308226281,0.00036927621861152144
758175168,0.00036927621861152144
106505501,0.00036927621861152144
2346714074,0.00036927621861152144
2966094221,0.00036927621861152144
512191023,0.00036927621861152144
68475307,0.00036927621861152144
301178769,0.0007385524372230429
308578864,0.0
2289023460,0.00036927621861152144
106856453,0.0
509162767,0.0
50269516,0.00036927621861152144
1014471,0.0
17043428,0.0
32856732,0.00036927621861152144
877823703249068032,0.00036927621861152144
14538236,0.0
342578839,0.0
272623675,0.00036927621861152144
299858686,0.0
190754693,0.0
76966092,0.00036927621861152144
562222972,0.00036927621861152144
739854925560156160,0.0
258465487,0.0
3005431923,0.00036927621861152144
112202046,0.0
796877583455555584,0.00036927621861152144
969392138076041216,0.00036927621861152144
384759698,0.00036927621861152144
4027105402,0.0
45598113,0.0
3081585501,0.00036927621861152144
2271904531,0.0
1284042607,0.00036927621861152144
20384956,0.0
88673826,0.0
76937615,0.00036927621861152144
1442906958,0.0
264132382,0.0007385524372230429
822933216206188544,0.00036927621861152144
139355216,0.0
2714310207,0.00036927621861152144
113125584,0.0
348011201,0.00036927621861152144
2864356347,0.00036927621861152144
274609987,0.0
172179385,0.0
59780450,0.0
891725802,0.0
1426135280,0.00036927621861152144
234058792,0.00036927621861152144
467852343,0.00036927621861152144
19341622,0.0
87473622,0.00036927621861152144
268025507,0.00036927621861152144
2916305152,0.0
792460428005605376,0.0
289222668,0.00036927621861152144
167735563,0.00036927621861152144
393675585,0.0014771048744460858
18033313,0.0
42614814,0.00036927621861152144
342569184,0.0
111373125,0.00036927621861152144
771427581992185856,0.00036927621861152144
193935341,0.00036927621861152144
318093688,0.0
1677808003,0.00036927621861152144
2373145729,0.00036927621861152144
1251232344947613701,0.00036927621861152144
15225375,0.0
26607837,0.0
341000847,0.0014771048744460858
3341697257,0.00036927621861152144
137394430,0.00036927621861152144
3128829965,0.0007385524372230429
158751132,0.00036927621861152144
2730017576,0.00036927621861152144
1077070220332740608,0.00036927621861152144
395990396,0.0
66821479,0.00036927621861152144
82095610,0.0
1108685535088771073,0.00036927621861152144
207770279,0.0
281448138,0.0
3298523377,0.00036927621861152144
9533042,0.0
93903085,0.00036927621861152144
350164545,0.0007385524372230429
1154319646780272641,0.0
20436576,0.0
294599794,0.0
534290225,0.00036927621861152144
247943231,0.00036927621861152144
838930153665363968,0.00036927621861152144
2353222800,0.00036927621861152144
3083042302,0.00036927621861152144
337886919,0.0
15068044,0.00036927621861152144
3309394037,0.00036927621861152144
2706892358,0.00036927621861152144
3018358499,0.00036927621861152144
52671862,0.00036927621861152144
59273937,0.0
55247494,0.00036927621861152144
1848037524,0.0
1019194066855006208,0.00036927621861152144
817382,0.0
188029486,0.00036927621861152144
2288970024,0.0
2251030016,0.00036927621861152144
842043337687289856,0.0
157920406,0.0007385524372230429
202626872,0.00036927621861152144
4890000754,0.00036927621861152144
44196397,0.0
28165790,0.0
20644989,0.0
19739240,0.0
4742002531,0.00036927621861152144
2354542969,0.0
106064139,0.0
716643191072628736,0.00036927621861152144
3240349167,0.00036927621861152144
1241258612,0.00036927621861152144
15581480,0.00036927621861152144
9571292,0.00036927621861152144
29277960,0.00036927621861152144
79764713,0.00036927621861152144
14583400,0.0
761153954809913344,0.00036927621861152144
1084212657761148928,0.0
436837074,0.00036927621861152144
540985738,0.00036927621861152144
22749856,0.0
5734242,0.00036927621861152144
1053292116,0.0007385524372230429
319135326,0.0
267249771,0.0
19626509,0.00036927621861152144
1039052508193284096,0.0
245548093,0.0
3130629970,0.00036927621861152144
4883900442,0.00036927621861152144
769823624308092928,0.00036927621861152144
265422963,0.0
32942338,0.0007385524372230429
49287656,0.00036927621861152144
1166366776625467393,0.00036927621861152144
139507464,0.00036927621861152144
2196922086,0.0
259403751,0.0
436122215,0.00036927621861152144
2898184305,0.0
383365753,0.00036927621861152144
78269397,0.0007385524372230429
2190753169,0.00036927621861152144
126352685,0.00036927621861152144
16868154,0.0014771048744460858
15192127,0.00036927621861152144
1106015165969924096,0.00036927621861152144
972494379754688518,0.00036927621861152144
206292087,0.00036927621861152144
2575365842,0.0
1770311,0.0
377344523,0.00036927621861152144
479798490,0.00036927621861152144
129746032,0.0
23666107,0.0
1320653768346816512,0.00036927621861152144
15247794,0.0
737882640,0.00036927621861152144
2422189058,0.00036927621861152144
398537509,0.00036927621861152144
739565869433524225,0.00036927621861152144
458399248,0.0007385524372230429
831503418376146946,0.0
3007913925,0.00036927621861152144
3107826244,0.0
940441783,0.00036927621861152144
226298062,0.00036927621861152144
838701223113068544,0.00036927621861152144
358026989,0.00036927621861152144
2988561009,0.00036927621861152144
551653007,0.0
131498466,0.0
1162690737516863494,0.00036927621861152144
15376357,0.0
14697496,0.0
17015268,0.00036927621861152144
725639768663576576,0.00036927621861152144
81875677,0.0
616564407,0.00036927621861152144
854719703545253888,0.00036927621861152144
145637517,0.0
197313522,0.0
2987533553,0.00036927621861152144
18059898,0.0
700064764,0.00036927621861152144
2981463028,0.00036927621861152144
1153956919,0.00036927621861152144
9632312,0.0
852083180182147072,0.00036927621861152144
833597084167122945,0.00036927621861152144
39781270,0.00036927621861152144
52352322,0.0
369440364,0.0
303048766,0.0
2676313880,0.0
2424287186,0.0
495430242,0.0007385524372230429
12486432,0.00036927621861152144
19081001,0.0
778982023415291904,0.00036927621861152144
10759032,0.0
4854858064,0.00036927621861152144
2538081673,0.00036927621861152144
3234931837,0.0
1669374084,0.00036927621861152144
920700510306529280,0.0011078286558345643
248721193,0.00036927621861152144
20747847,0.0
2717694091,0.0
219293337,0.00036927621861152144
246318475,0.0
159421391,0.00036927621861152144
1289974182755762176,0.00036927621861152144
762093631,0.0
20926161,0.00036927621861152144
15573348,0.00036927621861152144
26549850,0.00036927621861152144
887627169765130241,0.00036927621861152144
116655482,0.0
431192409,0.00036927621861152144
743340014214352896,0.0
1144823372158767104,0.00036927621861152144
14616323,0.00036927621861152144
481094172,0.0
533149076,0.00036927621861152144
1086604922,0.00036927621861152144
908589103737950208,0.00036927621861152144
623575404,0.00036927621861152144
467004982,0.0
848152044137574401,0.00036927621861152144
53079180,0.00036927621861152144
216939636,0.0
898565245484105732,0.0
49438224,0.0
2315608478,0.00036927621861152144
791230655367700480,0.0
190006526,0.00036927621861152144
388144129,0.00036927621861152144
743856512,0.00036927621861152144
1062729727,0.00036927621861152144
114485232,0.0
4901700861,0.0
3147145875,0.00036927621861152144
831290691712004096,0.00036927621861152144
34999723,0.00036927621861152144
87818409,0.0
742643587108605952,0.00036927621861152144
4329329968,0.0
2240528131,0.0
1850752598,0.0007385524372230429
916364161415892992,0.0
73147282,0.0
1111730640762875907,0.00036927621861152144
96962998,0.0
382393,0.00036927621861152144
36515907,0.0
2515540081,0.0007385524372230429
701026341500690432,0.00036927621861152144
14451127,0.0014771048744460858
199597043,0.00036927621861152144
4083688114,0.0
4353971122,0.00036927621861152144
22994885,0.0
1074807847,0.00036927621861152144
604779041,0.00036927621861152144
778607,0.00036927621861152144
1143038206335737856,0.0
73509664,0.00036927621861152144
2839825685,0.0
568542838,0.00036927621861152144
4663308149,0.00036927621861152144
240316759,0.00036927621861152144
16867526,0.0
73343,0.00036927621861152144
49977240,0.0
130667410,0.00036927621861152144
917259707236208640,0.00036927621861152144
1308409993213943809,0.0
48457557,0.00036927621861152144
984363152958685184,0.00036927621861152144
264103867,0.00036927621861152144
3233792564,0.00036927621861152144
26014256,0.0
46508246,0.00036927621861152144
1233080567727521792,0.00036927621861152144
403731744,0.0
186404598,0.0
106023728,0.00036927621861152144
633,0.0
1178221893616308224,0.00036927621861152144
15862919,0.00036927621861152144
585390634,0.00036927621861152144
6763242,0.00036927621861152144
101711550,0.00036927621861152144
941478255789457408,0.00036927621861152144
1605423500,0.00036927621861152144
761072228028911618,0.00036927621861152144
25037133,0.00036927621861152144
54875928,0.0011078286558345643
44583317,0.00036927621861152144
6057982,0.0
4460137405,0.00036927621861152144
713395522095210496,0.00036927621861152144
22952866,0.0
153439378,0.0
2983902143,0.00036927621861152144
485865743,0.0011078286558345643
2797743527,0.00036927621861152144
2887723143,0.0
73001375,0.00036927621861152144
16684149,0.00036927621861152144
323616054,0.00036927621861152144
1517068255,0.00036927621861152144
49719781,0.00036927621861152144
871687740,0.0
549833457,0.00036927621861152144
354009660,0.00036927621861152144
557553364,0.00036927621861152144
372843212,0.0
289560192,0.00036927621861152144
33836629,0.0
195658424,0.00036927621861152144
4149032843,0.0007385524372230429
1891806212,0.0
14862794,0.0
2321117354,0.00036927621861152144
780174132,0.00036927621861152144
1877046548,0.00036927621861152144
433873132,0.00036927621861152144
1567085737,0.00036927621861152144
50607971,0.00036927621861152144
374433827,0.00036927621861152144
125792630,0.0
21991908,0.0
15169938,0.0
16134540,0.0
742143,0.0
879014078932504577,0.0
2494212979,0.0
1037864733360226304,0.00036927621861152144
61143806,0.00036927621861152144
2459299508,0.0
80422885,0.0
234321271,0.0007385524372230429
562363,0.00036927621861152144
3008322017,0.0
87476034,0.0
442245081,0.00036927621861152144
17503180,0.0
771363829556977665,0.00036927621861152144
118748199,0.0
24046380,0.00036927621861152144
253609062,0.00036927621861152144
33993797,0.00036927621861152144
1219230275198058497,0.00036927621861152144
2525616956,0.00036927621861152144
2228576226,0.00036927621861152144
2244880545,0.00036927621861152144
203250712,0.00036927621861152144
15156540,0.0
951237270044069888,0.0
884180960,0.0
1136467769199910912,0.00036927621861152144
190161488,0.00036927621861152144
16895951,0.0
1229540217595387904,0.0
29951831,0.0
581406453,0.00036927621861152144
1734575215,0.00036927621861152144
219728708,0.00036927621861152144
38277726,0.00036927621861152144
3375552377,0.00036927621861152144
17078917,0.00036927621861152144
16507835,0.00036927621861152144
19540483,0.0
193227076,0.0
21769127,0.0
810173876466515968,0.0
174072879,0.0
84653850,0.0
104892871,0.0
59481357,0.00036927621861152144
26280712,0.0
352053266,0.0
975115762712096768,0.00036927621861152144
333410580,0.0
1562578862,0.0
1441677282,0.00036927621861152144
1017171853914333185,0.00036927621861152144
137745777,0.00036927621861152144
2776164847,0.0
37788263,0.0
17839109,0.00036927621861152144
70900164,0.00036927621861152144
748315519674048512,0.0007385524372230429
18843675,0.00036927621861152144
1851621,0.0007385524372230429
45820175,0.0
1040124415151726592,0.00036927621861152144
153327232,0.00036927621861152144
40380303,0.00036927621861152144
131947210,0.00036927621861152144
142724647,0.00036927621861152144
2025101,0.00036927621861152144
151581782,0.00036927621861152144
571202103,0.0
201194687,0.00036927621861152144
221460294,0.0
16621479,0.00036927621861152144
2835276183,0.0
711001600567828481,0.00036927621861152144
1471694196,0.00036927621861152144
73719913,0.0
1377476875,0.00036927621861152144
14794109,0.00036927621861152144
25864331,0.00036927621861152144
31442869,0.0
947311503216066560,0.0011078286558345643
109613064,0.00036927621861152144
807261497500069888,0.0
2821616774,0.0
547871798,0.00036927621861152144
14488805,0.00036927621861152144
159342110,0.00036927621861152144
1535439446,0.00036927621861152144
1936953062,0.00036927621861152144
179797676,0.0
34227622,0.0
13235832,0.0
16851370,0.0
475026877,0.00036927621861152144
343587148,0.00036927621861152144
15926727,0.0
48677032,0.0011078286558345643
637087464,0.00036927621861152144
79703784,0.0
4718039356,0.00036927621861152144
47562075,0.0
458079606,0.0
2734776646,0.00036927621861152144
839139788846411777,0.00036927621861152144
997784960,0.0
52414554,0.00036927621861152144
839446682819563520,0.00036927621861152144
3246646347,0.0
2974389209,0.00036927621861152144
41667342,0.0
28822067,0.0
263483174,0.0
6365342,0.0
109598348,0.0
334516778,0.00036927621861152144
1479360883,0.00036927621861152144
1530894998,0.0
772871943577931776,0.0
11867332,0.0
281945877,0.00036927621861152144
537014740,0.0
3015605477,0.00036927621861152144
224495471,0.0
2832694608,0.00036927621861152144
2457267950,0.00036927621861152144
15808647,0.0
26000689,0.0
114738098,0.00036927621861152144
433226744,0.0
2417892751,0.00036927621861152144
1148595838664552451,0.00036927621861152144
216703645,0.00036927621861152144
3751854082,0.00036927621861152144
19888273,0.00036927621861152144
917421341359464450,0.00036927621861152144
924426975330160641,0.00036927621861152144
1287104705185939456,0.00036927621861152144
793483735018504192,0.00036927621861152144
16596200,0.0
734735999029383168,0.0
906922846412267521,0.0007385524372230429
39237580,0.0
1148229403,0.00036927621861152144
431764698,0.00036927621861152144
166739404,0.0
133806972,0.0
3160109092,0.00036927621861152144
18485339,0.0
160246849,0.00036927621861152144
320603385,0.0
955493794669121537,0.00036927621861152144
1551361069,0.0
402875257,0.0
27104786,0.0
352248891,0.00036927621861152144
44595708,0.00036927621861152144
284858667,0.0
327066310,0.00036927621861152144
14146389,0.0
2322434384,0.0
4786709654,0.0
2492690671,0.00036927621861152144
702513144782950400,0.00036927621861152144
497181885,0.0
833624768800817152,0.00036927621861152144
3077138539,0.00036927621861152144
8123222,0.0
476700973,0.0
1721425735,0.00036927621861152144
37715152,0.00036927621861152144
200083348,0.00036927621861152144
1035524448319885312,0.0
17855686,0.0
455428885,0.0
166499569,0.00036927621861152144
135047672,0.00036927621861152144
2435317801,0.00036927621861152144
15378449,0.0007385524372230429
1044869316288696320,0.0
14301911,0.0
28077022,0.00036927621861152144
16953723,0.0
44860754,0.00036927621861152144
1313137113454579717,0.00036927621861152144
220017829,0.00036927621861152144
45101319,0.00036927621861152144
1101500498564313090,0.00036927621861152144
40156543,0.0
2502662672,0.0
2310390416,0.00036927621861152144
301941645,0.00036927621861152144
3339046197,0.00036927621861152144
27018274,0.00036927621861152144
94642927,0.0
817845968,0.0
781751446362468353,0.00036927621861152144
17383073,0.00036927621861152144
271485168,0.00036927621861152144
2269512362,0.00036927621861152144
